size,time,name
650666,sep 27 01:59,Выгрузки\Логистика\customers.csv
3563943,sep 27 01:59,Выгрузки\Логистика\logistics.csv
73815,sep 27 01:59,Выгрузки\Логистика\products.csv
1174686,sep 27 01:59,Выгрузки\Логистика\sales.csv
878,sep 27 01:59,Выгрузки\Логистика\stores.csv
657141,apr 29 07:53,Выгрузки\Сайты\page_1.html
11200,apr 29 07:53,Выгрузки\Сайты\page_10.html
583580,apr 29 07:53,Выгрузки\Сайты\page_100.html
619001,apr 29 07:53,Выгрузки\Сайты\page_101.html
618501,apr 29 07:53,Выгрузки\Сайты\page_102.html
618734,apr 29 07:53,Выгрузки\Сайты\page_103.html
619001,apr 29 07:53,Выгрузки\Сайты\page_104.html
619166,apr 29 07:53,Выгрузки\Сайты\page_105.html
618277,apr 29 07:53,Выгрузки\Сайты\page_106.html
617886,apr 29 07:53,Выгрузки\Сайты\page_107.html
618399,apr 29 07:53,Выгрузки\Сайты\page_108.html
619072,apr 29 07:53,Выгрузки\Сайты\page_109.html
1937,apr 29 07:53,Выгрузки\Сайты\page_11.html
657324,apr 29 07:53,Выгрузки\Сайты\page_110.html
657355,apr 29 07:53,Выгрузки\Сайты\page_111.html
617632,apr 29 07:53,Выгрузки\Сайты\page_112.html
618551,apr 29 07:53,Выгрузки\Сайты\page_113.html
619699,apr 29 07:53,Выгрузки\Сайты\page_114.html
619005,apr 29 07:53,Выгрузки\Сайты\page_115.html
618689,apr 29 07:53,Выгрузки\Сайты\page_116.html
618591,apr 29 07:53,Выгрузки\Сайты\page_117.html
618825,apr 29 07:53,Выгрузки\Сайты\page_118.html
618721,apr 29 07:53,Выгрузки\Сайты\page_119.html
580606,apr 29 07:53,Выгрузки\Сайты\page_12.html
657324,apr 29 07:53,Выгрузки\Сайты\page_120.html
576988,apr 29 07:53,Выгрузки\Сайты\page_121.html
578018,apr 29 07:53,Выгрузки\Сайты\page_122.html
579204,apr 29 07:53,Выгрузки\Сайты\page_123.html
583579,apr 29 07:53,Выгрузки\Сайты\page_127.html
582401,apr 29 07:53,Выгрузки\Сайты\page_129.html
583579,apr 29 07:53,Выгрузки\Сайты\page_135.html
582402,apr 29 07:53,Выгрузки\Сайты\page_137.html
577673,apr 29 07:53,Выгрузки\Сайты\page_138.html
578607,apr 29 07:53,Выгрузки\Сайты\page_14.html
583581,apr 29 07:53,Выгрузки\Сайты\page_142.html
582403,apr 29 07:53,Выгрузки\Сайты\page_143.html
582401,apr 29 07:53,Выгрузки\Сайты\page_144.html
582403,apr 29 07:53,Выгрузки\Сайты\page_145.html
582399,apr 29 07:53,Выгрузки\Сайты\page_146.html
609804,apr 29 07:53,Выгрузки\Сайты\page_15.html
583581,apr 29 07:53,Выгрузки\Сайты\page_158.html
1099363,apr 29 07:53,Выгрузки\Сайты\page_159.html
578235,apr 29 07:53,Выгрузки\Сайты\page_16.html
636254,apr 29 07:53,Выгрузки\Сайты\page_160.html
577651,apr 29 07:53,Выгрузки\Сайты\page_161.html
583580,apr 29 07:53,Выгрузки\Сайты\page_165.html
803356,apr 29 07:53,Выгрузки\Сайты\page_166.html
693320,apr 29 07:53,Выгрузки\Сайты\page_167.html
870519,apr 29 07:53,Выгрузки\Сайты\page_168.html
690485,apr 29 07:53,Выгрузки\Сайты\page_169.html
586258,apr 29 07:53,Выгрузки\Сайты\page_17.html
1048487,apr 29 07:53,Выгрузки\Сайты\page_170.html
700004,apr 29 07:53,Выгрузки\Сайты\page_171.html
1125250,apr 29 07:53,Выгрузки\Сайты\page_172.html
669057,apr 29 07:53,Выгрузки\Сайты\page_173.html
670015,apr 29 07:53,Выгрузки\Сайты\page_175.html
727969,apr 29 07:53,Выгрузки\Сайты\page_176.html
577190,apr 29 07:53,Выгрузки\Сайты\page_177.html
651704,apr 29 07:53,Выгрузки\Сайты\page_179.html
576953,apr 29 07:53,Выгрузки\Сайты\page_18.html
598814,apr 29 07:53,Выгрузки\Сайты\page_180.html
583581,apr 29 07:53,Выгрузки\Сайты\page_184.html
577504,apr 29 07:53,Выгрузки\Сайты\page_185.html
727969,apr 29 07:53,Выгрузки\Сайты\page_186.html
598741,apr 29 07:53,Выгрузки\Сайты\page_187.html
659104,apr 29 07:53,Выгрузки\Сайты\page_188.html
670024,apr 29 07:53,Выгрузки\Сайты\page_189.html
638423,apr 29 07:53,Выгрузки\Сайты\page_19.html
668339,apr 29 07:53,Выгрузки\Сайты\page_191.html
649445,apr 29 07:53,Выгрузки\Сайты\page_192.html
665625,apr 29 07:53,Выгрузки\Сайты\page_193.html
651704,apr 29 07:53,Выгрузки\Сайты\page_194.html
1026077,apr 29 07:53,Выгрузки\Сайты\page_195.html
579145,apr 29 07:53,Выгрузки\Сайты\page_196.html
829389,apr 29 07:53,Выгрузки\Сайты\page_197.html
586122,apr 29 07:53,Выгрузки\Сайты\page_198.html
579526,apr 29 07:53,Выгрузки\Сайты\page_199.html
657578,apr 29 07:53,Выгрузки\Сайты\page_2.html
576209,apr 29 07:53,Выгрузки\Сайты\page_20.html
661679,apr 29 07:53,Выгрузки\Сайты\page_201.html
650587,apr 29 07:53,Выгрузки\Сайты\page_202.html
759118,apr 29 07:53,Выгрузки\Сайты\page_203.html
663875,apr 29 07:53,Выгрузки\Сайты\page_205.html
746501,apr 29 07:53,Выгрузки\Сайты\page_207.html
577161,apr 29 07:53,Выгрузки\Сайты\page_21.html
649307,apr 29 07:53,Выгрузки\Сайты\page_211.html
654391,apr 29 07:53,Выгрузки\Сайты\page_213.html
649362,apr 29 07:53,Выгрузки\Сайты\page_214.html
657328,apr 29 07:53,Выгрузки\Сайты\page_215.html
695557,apr 29 07:53,Выгрузки\Сайты\page_216.html
651189,apr 29 07:53,Выгрузки\Сайты\page_217.html
671152,apr 29 07:53,Выгрузки\Сайты\page_218.html
594076,apr 29 07:53,Выгрузки\Сайты\page_22.html
651914,apr 29 07:53,Выгрузки\Сайты\page_220.html
651638,apr 29 07:53,Выгрузки\Сайты\page_221.html
651766,apr 29 07:53,Выгрузки\Сайты\page_222.html
656655,apr 29 07:53,Выгрузки\Сайты\page_224.html
649149,apr 29 07:53,Выгрузки\Сайты\page_226.html
749679,apr 29 07:53,Выгрузки\Сайты\page_227.html
665269,apr 29 07:53,Выгрузки\Сайты\page_228.html
650840,apr 29 07:53,Выгрузки\Сайты\page_229.html
577175,apr 29 07:53,Выгрузки\Сайты\page_23.html
709312,apr 29 07:53,Выгрузки\Сайты\page_230.html
657815,apr 29 07:53,Выгрузки\Сайты\page_232.html
657086,apr 29 07:53,Выгрузки\Сайты\page_233.html
728539,apr 29 07:53,Выгрузки\Сайты\page_234.html
673644,apr 29 07:53,Выгрузки\Сайты\page_236.html
660518,apr 29 07:53,Выгрузки\Сайты\page_237.html
657860,apr 29 07:53,Выгрузки\Сайты\page_238.html
668339,apr 29 07:53,Выгрузки\Сайты\page_239.html
576998,apr 29 07:53,Выгрузки\Сайты\page_24.html
578215,apr 29 07:53,Выгрузки\Сайты\page_240.html
579371,apr 29 07:53,Выгрузки\Сайты\page_241.html
583579,apr 29 07:53,Выгрузки\Сайты\page_245.html
582401,apr 29 07:53,Выгрузки\Сайты\page_247.html
583580,apr 29 07:53,Выгрузки\Сайты\page_253.html
618279,apr 29 07:53,Выгрузки\Сайты\page_254.html
577567,apr 29 07:53,Выгрузки\Сайты\page_255.html
583580,apr 29 07:53,Выгрузки\Сайты\page_259.html
618230,apr 29 07:53,Выгрузки\Сайты\page_260.html
577523,apr 29 07:53,Выгрузки\Сайты\page_261.html
583580,apr 29 07:53,Выгрузки\Сайты\page_265.html
624170,apr 29 07:53,Выгрузки\Сайты\page_266.html
577496,apr 29 07:53,Выгрузки\Сайты\page_267.html
583580,apr 29 07:53,Выгрузки\Сайты\page_271.html
1131938,apr 29 07:53,Выгрузки\Сайты\page_272.html
578013,apr 29 07:53,Выгрузки\Сайты\page_273.html
583579,apr 29 07:53,Выгрузки\Сайты\page_277.html
618246,apr 29 07:53,Выгрузки\Сайты\page_278.html
618435,apr 29 07:53,Выгрузки\Сайты\page_279.html
583579,apr 29 07:53,Выгрузки\Сайты\page_28.html
618788,apr 29 07:53,Выгрузки\Сайты\page_280.html
618487,apr 29 07:53,Выгрузки\Сайты\page_281.html
619008,apr 29 07:53,Выгрузки\Сайты\page_282.html
619544,apr 29 07:53,Выгрузки\Сайты\page_283.html
618886,apr 29 07:53,Выгрузки\Сайты\page_284.html
618645,apr 29 07:53,Выгрузки\Сайты\page_285.html
618532,apr 29 07:53,Выгрузки\Сайты\page_286.html
618831,apr 29 07:53,Выгрузки\Сайты\page_287.html
618531,apr 29 07:53,Выгрузки\Сайты\page_288.html
619410,apr 29 07:53,Выгрузки\Сайты\page_289.html
577869,apr 29 07:53,Выгрузки\Сайты\page_29.html
619092,apr 29 07:53,Выгрузки\Сайты\page_290.html
618881,apr 29 07:53,Выгрузки\Сайты\page_291.html
618024,apr 29 07:53,Выгрузки\Сайты\page_292.html
618457,apr 29 07:53,Выгрузки\Сайты\page_293.html
618153,apr 29 07:53,Выгрузки\Сайты\page_294.html
618575,apr 29 07:53,Выгрузки\Сайты\page_295.html
618006,apr 29 07:53,Выгрузки\Сайты\page_296.html
618132,apr 29 07:53,Выгрузки\Сайты\page_297.html
618182,apr 29 07:53,Выгрузки\Сайты\page_298.html
618271,apr 29 07:53,Выгрузки\Сайты\page_299.html
645479,apr 29 07:53,Выгрузки\Сайты\page_3.html
623912,apr 29 07:53,Выгрузки\Сайты\page_30.html
620126,apr 29 07:53,Выгрузки\Сайты\page_300.html
619227,apr 29 07:53,Выгрузки\Сайты\page_301.html
619697,apr 29 07:53,Выгрузки\Сайты\page_302.html
618942,apr 29 07:53,Выгрузки\Сайты\page_303.html
618753,apr 29 07:53,Выгрузки\Сайты\page_304.html
618427,apr 29 07:53,Выгрузки\Сайты\page_305.html
623654,apr 29 07:53,Выгрузки\Сайты\page_306.html
608020,apr 29 07:53,Выгрузки\Сайты\page_307.html
618899,apr 29 07:53,Выгрузки\Сайты\page_308.html
617343,apr 29 07:53,Выгрузки\Сайты\page_309.html
618327,apr 29 07:53,Выгрузки\Сайты\page_31.html
618989,apr 29 07:53,Выгрузки\Сайты\page_310.html
617795,apr 29 07:53,Выгрузки\Сайты\page_311.html
623675,apr 29 07:53,Выгрузки\Сайты\page_312.html
618305,apr 29 07:53,Выгрузки\Сайты\page_313.html
618099,apr 29 07:53,Выгрузки\Сайты\page_314.html
618833,apr 29 07:53,Выгрузки\Сайты\page_315.html
618982,apr 29 07:53,Выгрузки\Сайты\page_316.html
618394,apr 29 07:53,Выгрузки\Сайты\page_317.html
618850,apr 29 07:53,Выгрузки\Сайты\page_318.html
618655,apr 29 07:53,Выгрузки\Сайты\page_319.html
618911,apr 29 07:53,Выгрузки\Сайты\page_32.html
618917,apr 29 07:53,Выгрузки\Сайты\page_320.html
618701,apr 29 07:53,Выгрузки\Сайты\page_321.html
619032,apr 29 07:53,Выгрузки\Сайты\page_322.html
619283,apr 29 07:53,Выгрузки\Сайты\page_323.html
619320,apr 29 07:53,Выгрузки\Сайты\page_324.html
618922,apr 29 07:53,Выгрузки\Сайты\page_325.html
618642,apr 29 07:53,Выгрузки\Сайты\page_326.html
618746,apr 29 07:53,Выгрузки\Сайты\page_327.html
619082,apr 29 07:53,Выгрузки\Сайты\page_328.html
618950,apr 29 07:53,Выгрузки\Сайты\page_329.html
618731,apr 29 07:53,Выгрузки\Сайты\page_33.html
618987,apr 29 07:53,Выгрузки\Сайты\page_330.html
617830,apr 29 07:53,Выгрузки\Сайты\page_331.html
618971,apr 29 07:53,Выгрузки\Сайты\page_332.html
618596,apr 29 07:53,Выгрузки\Сайты\page_333.html
623952,apr 29 07:53,Выгрузки\Сайты\page_334.html
624053,apr 29 07:53,Выгрузки\Сайты\page_335.html
618522,apr 29 07:53,Выгрузки\Сайты\page_336.html
618568,apr 29 07:53,Выгрузки\Сайты\page_337.html
624047,apr 29 07:53,Выгрузки\Сайты\page_338.html
618816,apr 29 07:53,Выгрузки\Сайты\page_339.html
623981,apr 29 07:53,Выгрузки\Сайты\page_34.html
618301,apr 29 07:53,Выгрузки\Сайты\page_340.html
624077,apr 29 07:53,Выгрузки\Сайты\page_341.html
618926,apr 29 07:53,Выгрузки\Сайты\page_342.html
618745,apr 29 07:53,Выгрузки\Сайты\page_343.html
617467,apr 29 07:53,Выгрузки\Сайты\page_344.html
618492,apr 29 07:53,Выгрузки\Сайты\page_345.html
618537,apr 29 07:53,Выгрузки\Сайты\page_346.html
618563,apr 29 07:53,Выгрузки\Сайты\page_347.html
618597,apr 29 07:53,Выгрузки\Сайты\page_348.html
617769,apr 29 07:53,Выгрузки\Сайты\page_349.html
624044,apr 29 07:53,Выгрузки\Сайты\page_35.html
624015,apr 29 07:53,Выгрузки\Сайты\page_350.html
624003,apr 29 07:53,Выгрузки\Сайты\page_351.html
623696,apr 29 07:53,Выгрузки\Сайты\page_352.html
618334,apr 29 07:53,Выгрузки\Сайты\page_353.html
618104,apr 29 07:53,Выгрузки\Сайты\page_354.html
624007,apr 29 07:53,Выгрузки\Сайты\page_355.html
624048,apr 29 07:53,Выгрузки\Сайты\page_356.html
623836,apr 29 07:53,Выгрузки\Сайты\page_357.html
618616,apr 29 07:53,Выгрузки\Сайты\page_358.html
617475,apr 29 07:53,Выгрузки\Сайты\page_359.html
618669,apr 29 07:53,Выгрузки\Сайты\page_36.html
618357,apr 29 07:53,Выгрузки\Сайты\page_360.html
618707,apr 29 07:53,Выгрузки\Сайты\page_361.html
618487,apr 29 07:53,Выгрузки\Сайты\page_362.html
619408,apr 29 07:53,Выгрузки\Сайты\page_363.html
618642,apr 29 07:53,Выгрузки\Сайты\page_364.html
617432,apr 29 07:53,Выгрузки\Сайты\page_365.html
618610,apr 29 07:53,Выгрузки\Сайты\page_366.html
618770,apr 29 07:53,Выгрузки\Сайты\page_367.html
618785,apr 29 07:53,Выгрузки\Сайты\page_368.html
618593,apr 29 07:53,Выгрузки\Сайты\page_369.html
623987,apr 29 07:53,Выгрузки\Сайты\page_37.html
618463,apr 29 07:53,Выгрузки\Сайты\page_370.html
619602,apr 29 07:53,Выгрузки\Сайты\page_371.html
618835,apr 29 07:53,Выгрузки\Сайты\page_372.html
619123,apr 29 07:53,Выгрузки\Сайты\page_373.html
618084,apr 29 07:53,Выгрузки\Сайты\page_374.html
618767,apr 29 07:53,Выгрузки\Сайты\page_375.html
618907,apr 29 07:53,Выгрузки\Сайты\page_376.html
618780,apr 29 07:53,Выгрузки\Сайты\page_377.html
618794,apr 29 07:53,Выгрузки\Сайты\page_378.html
618959,apr 29 07:53,Выгрузки\Сайты\page_379.html
617836,apr 29 07:53,Выгрузки\Сайты\page_38.html
618232,apr 29 07:53,Выгрузки\Сайты\page_380.html
618764,apr 29 07:53,Выгрузки\Сайты\page_381.html
618672,apr 29 07:53,Выгрузки\Сайты\page_382.html
618458,apr 29 07:53,Выгрузки\Сайты\page_383.html
618790,apr 29 07:53,Выгрузки\Сайты\page_384.html
618108,apr 29 07:53,Выгрузки\Сайты\page_385.html
618807,apr 29 07:53,Выгрузки\Сайты\page_386.html
618762,apr 29 07:53,Выгрузки\Сайты\page_387.html
624310,apr 29 07:53,Выгрузки\Сайты\page_388.html
617729,apr 29 07:53,Выгрузки\Сайты\page_389.html
618578,apr 29 07:53,Выгрузки\Сайты\page_39.html
618506,apr 29 07:53,Выгрузки\Сайты\page_390.html
618905,apr 29 07:53,Выгрузки\Сайты\page_391.html
618807,apr 29 07:53,Выгрузки\Сайты\page_392.html
624308,apr 29 07:53,Выгрузки\Сайты\page_393.html
1144497,apr 29 07:53,Выгрузки\Сайты\page_394.html
623912,apr 29 07:53,Выгрузки\Сайты\page_395.html
1141501,apr 29 07:53,Выгрузки\Сайты\page_396.html
1020128,apr 29 07:53,Выгрузки\Сайты\page_397.html
1103360,apr 29 07:53,Выгрузки\Сайты\page_398.html
1017603,apr 29 07:53,Выгрузки\Сайты\page_399.html
603961,apr 29 07:53,Выгрузки\Сайты\page_4.html
618033,apr 29 07:53,Выгрузки\Сайты\page_40.html
1113127,apr 29 07:53,Выгрузки\Сайты\page_400.html
1004530,apr 29 07:53,Выгрузки\Сайты\page_401.html
623982,apr 29 07:53,Выгрузки\Сайты\page_402.html
1176997,apr 29 07:54,Выгрузки\Сайты\page_403.html
1058931,apr 29 07:54,Выгрузки\Сайты\page_404.html
1117099,apr 29 07:54,Выгрузки\Сайты\page_405.html
768967,apr 29 07:54,Выгрузки\Сайты\page_406.html
1098748,apr 29 07:54,Выгрузки\Сайты\page_407.html
977178,apr 29 07:54,Выгрузки\Сайты\page_408.html
624044,apr 29 07:54,Выгрузки\Сайты\page_409.html
592551,apr 29 07:54,Выгрузки\Сайты\page_41.html
1129558,apr 29 07:54,Выгрузки\Сайты\page_410.html
1306360,apr 29 07:54,Выгрузки\Сайты\page_411.html
1139217,apr 29 07:54,Выгрузки\Сайты\page_412.html
625773,apr 29 07:54,Выгрузки\Сайты\page_413.html
1217417,apr 29 07:54,Выгрузки\Сайты\page_414.html
737939,apr 29 07:54,Выгрузки\Сайты\page_415.html
1106314,apr 29 07:54,Выгрузки\Сайты\page_416.html
1002576,apr 29 07:54,Выгрузки\Сайты\page_417.html
1092484,apr 29 07:54,Выгрузки\Сайты\page_418.html
1039833,apr 29 07:54,Выгрузки\Сайты\page_419.html
579621,apr 29 07:54,Выгрузки\Сайты\page_42.html
624035,apr 29 07:54,Выгрузки\Сайты\page_420.html
1157900,apr 29 07:54,Выгрузки\Сайты\page_421.html
817693,apr 29 07:54,Выгрузки\Сайты\page_422.html
1136009,apr 29 07:54,Выгрузки\Сайты\page_423.html
765318,apr 29 07:54,Выгрузки\Сайты\page_424.html
1074101,apr 29 07:54,Выгрузки\Сайты\page_425.html
1021568,apr 29 07:54,Выгрузки\Сайты\page_426.html
624975,apr 29 07:54,Выгрузки\Сайты\page_427.html
1110151,apr 29 07:54,Выгрузки\Сайты\page_428.html
891083,apr 29 07:54,Выгрузки\Сайты\page_429.html
1156757,apr 29 07:54,Выгрузки\Сайты\page_430.html
992423,apr 29 07:54,Выгрузки\Сайты\page_431.html
1232001,apr 29 07:54,Выгрузки\Сайты\page_432.html
793936,apr 29 07:54,Выгрузки\Сайты\page_433.html
625731,apr 29 07:54,Выгрузки\Сайты\page_434.html
1151761,apr 29 07:54,Выгрузки\Сайты\page_435.html
790194,apr 29 07:54,Выгрузки\Сайты\page_436.html
1089699,apr 29 07:54,Выгрузки\Сайты\page_437.html
1098278,apr 29 07:54,Выгрузки\Сайты\page_438.html
595080,apr 29 07:54,Выгрузки\Сайты\page_439.html
316104,apr 29 07:54,Выгрузки\Сайты\page_44.html
593495,apr 29 07:54,Выгрузки\Сайты\page_440.html
625257,apr 29 07:54,Выгрузки\Сайты\page_441.html
1106695,apr 29 07:54,Выгрузки\Сайты\page_442.html
1046562,apr 29 07:54,Выгрузки\Сайты\page_443.html
1109926,apr 29 07:54,Выгрузки\Сайты\page_444.html
834884,apr 29 07:54,Выгрузки\Сайты\page_445.html
1232717,apr 29 07:54,Выгрузки\Сайты\page_446.html
768052,apr 29 07:54,Выгрузки\Сайты\page_447.html
608018,apr 29 07:54,Выгрузки\Сайты\page_448.html
1124961,apr 29 07:54,Выгрузки\Сайты\page_449.html
961378,apr 29 07:54,Выгрузки\Сайты\page_45.html
769105,apr 29 07:54,Выгрузки\Сайты\page_450.html
1183195,apr 29 07:54,Выгрузки\Сайты\page_451.html
761260,apr 29 07:54,Выгрузки\Сайты\page_452.html
1192699,apr 29 07:54,Выгрузки\Сайты\page_453.html
625947,apr 29 07:54,Выгрузки\Сайты\page_454.html
1237062,apr 29 07:54,Выгрузки\Сайты\page_455.html
1021521,apr 29 07:54,Выгрузки\Сайты\page_456.html
1140455,apr 29 07:54,Выгрузки\Сайты\page_457.html
1018982,apr 29 07:54,Выгрузки\Сайты\page_458.html
1148042,apr 29 07:54,Выгрузки\Сайты\page_459.html
362546,apr 29 07:54,Выгрузки\Сайты\page_46.html
1073939,apr 29 07:54,Выгрузки\Сайты\page_460.html
626333,apr 29 07:54,Выгрузки\Сайты\page_461.html
1107298,apr 29 07:54,Выгрузки\Сайты\page_462.html
987656,apr 29 07:54,Выгрузки\Сайты\page_463.html
1157101,apr 29 07:54,Выгрузки\Сайты\page_464.html
1057814,apr 29 07:54,Выгрузки\Сайты\page_465.html
1239988,apr 29 07:54,Выгрузки\Сайты\page_466.html
1298228,apr 29 07:54,Выгрузки\Сайты\page_467.html
626182,apr 29 07:54,Выгрузки\Сайты\page_468.html
1139873,apr 29 07:54,Выгрузки\Сайты\page_469.html
1015806,apr 29 07:54,Выгрузки\Сайты\page_470.html
1142065,apr 29 07:54,Выгрузки\Сайты\page_471.html
866887,apr 29 07:54,Выгрузки\Сайты\page_472.html
1079067,apr 29 07:54,Выгрузки\Сайты\page_473.html
1034237,apr 29 07:54,Выгрузки\Сайты\page_474.html
626373,apr 29 07:54,Выгрузки\Сайты\page_475.html
1114865,apr 29 07:54,Выгрузки\Сайты\page_476.html
776455,apr 29 07:54,Выгрузки\Сайты\page_477.html
1134325,apr 29 07:54,Выгрузки\Сайты\page_478.html
1038132,apr 29 07:54,Выгрузки\Сайты\page_479.html
597377,apr 29 07:54,Выгрузки\Сайты\page_48.html
1157314,apr 29 07:54,Выгрузки\Сайты\page_480.html
1005066,apr 29 07:54,Выгрузки\Сайты\page_481.html
626616,apr 29 07:54,Выгрузки\Сайты\page_482.html
1131814,apr 29 07:54,Выгрузки\Сайты\page_483.html
970405,apr 29 07:54,Выгрузки\Сайты\page_484.html
1120586,apr 29 07:54,Выгрузки\Сайты\page_485.html
312955,apr 29 07:54,Выгрузки\Сайты\page_486.html
1107502,apr 29 07:54,Выгрузки\Сайты\page_49.html
966315,apr 29 07:54,Выгрузки\Сайты\page_5.html
577385,apr 29 07:54,Выгрузки\Сайты\page_50.html
593854,apr 29 07:54,Выгрузки\Сайты\page_51.html
1042858,apr 29 07:54,Выгрузки\Сайты\page_52.html
612621,apr 29 07:54,Выгрузки\Сайты\page_53.html
1066419,apr 29 07:54,Выгрузки\Сайты\page_54.html
1050384,apr 29 07:54,Выгрузки\Сайты\page_55.html
592378,apr 29 07:54,Выгрузки\Сайты\page_56.html
581436,apr 29 07:54,Выгрузки\Сайты\page_57.html
577121,apr 29 07:54,Выгрузки\Сайты\page_58.html
578171,apr 29 07:54,Выгрузки\Сайты\page_59.html
595455,apr 29 07:54,Выгрузки\Сайты\page_6.html
583580,apr 29 07:54,Выгрузки\Сайты\page_63.html
582401,apr 29 07:54,Выгрузки\Сайты\page_65.html
657322,apr 29 07:54,Выгрузки\Сайты\page_69.html
576861,apr 29 07:54,Выгрузки\Сайты\page_70.html
657321,apr 29 07:54,Выгрузки\Сайты\page_72.html
583580,apr 29 07:54,Выгрузки\Сайты\page_77.html
578495,apr 29 07:54,Выгрузки\Сайты\page_78.html
583580,apr 29 07:54,Выгрузки\Сайты\page_82.html
582160,apr 29 07:54,Выгрузки\Сайты\page_83.html
582159,apr 29 07:54,Выгрузки\Сайты\page_84.html
582183,apr 29 07:54,Выгрузки\Сайты\page_85.html
582167,apr 29 07:54,Выгрузки\Сайты\page_86.html
577043,apr 29 07:54,Выгрузки\Сайты\page_89.html
578102,apr 29 07:54,Выгрузки\Сайты\page_90.html
583581,apr 29 07:54,Выгрузки\Сайты\page_94.html
645667,apr 29 07:54,Выгрузки\Сайты\page_95.html
577384,apr 29 07:54,Выгрузки\Сайты\page_96.html
548723,apr 29 07:54,Выгрузки\Сайты\Доки\20240306_fin_result_2023.pdf
862933,apr 29 07:54,Выгрузки\Сайты\Доки\COMPS-1071.pdf
616727,apr 29 07:54,Выгрузки\Сайты\Доки\FCC-12-9A1.pdf
21111166,apr 29 07:54,Выгрузки\Сайты\Доки\GlobalCriticalMineralsOutlook2024.pdf
422558,apr 29 07:54,Выгрузки\Сайты\Доки\HEAD%204q2024%20release%20050324.pdf
646739,apr 29 07:54,Выгрузки\Сайты\Доки\Paulzovatelskoe_soglashenie_PAOSPB.pdf
197108,apr 29 07:54,Выгрузки\Сайты\Доки\Privacy_policy_upd.pdf
270068,apr 29 07:54,Выгрузки\Сайты\Доки\Terms_of_service_upd.pdf
726098,apr 29 07:54,Выгрузки\Сайты\Доки\mcs2025-rare-earths.pdf
342662,apr 29 07:54,Выгрузки\Сайты\Доки\preprint-frn-2023-critical-materials-list.pdf
86605,apr 29 07:54,Выгрузки\Сайты\Доки\price-list.pdf
116450,apr 29 07:54,Выгрузки\Сайты\Доки\pril1_14112652.pdf
377278,apr 29 07:54,Выгрузки\Сайты\Доки\rbc.pdf
139543,apr 29 07:54,Выгрузки\Сайты\Доки\subscribe_rules.pdf
650666,nov 9 23:41,Выгрузки\дочерние предприятия\Billing\full\customers.csv
3563943,nov 9 23:41,Выгрузки\дочерние предприятия\Billing\full\logistics.csv
73815,nov 9 23:41,Выгрузки\дочерние предприятия\Billing\full\products.csv
1174686,nov 9 23:41,Выгрузки\дочерние предприятия\Billing\full\sales.csv
878,nov 9 23:41,Выгрузки\дочерние предприятия\Billing\full\stores.csv
2963,sep 27 02:01,Выгрузки\дочерние предприятия\Billing\plan.json
4422864,sep 27 02:01,Выгрузки\дочерние предприятия\Billing\subscribers.csv
4821472,apr 29 07:54,Документы партнеров\Sport24_Mediakit_2024.pdf
169795,apr 29 07:54,Документы партнеров\VKCT_Soglashenie_ob_informacionnom_vzaimodeistvii.pdf
169466,apr 29 07:54,Документы партнеров\VK_Soglashenie_ob_informacionnom_vzaimodeistvii.pdf
190831,apr 29 07:54,Документы партнеров\agreement_reg.pdf
174244,apr 29 07:54,Документы партнеров\agreement_reg_extra.pdf
909626,apr 29 07:54,Документы партнеров\capsula_instruction.pdf
2115390,apr 29 07:54,Документы партнеров\capsula_neo_instruction.pdf
676952,apr 29 07:54,Документы партнеров\google_privacy_policy_en.pdf
341076,apr 29 07:54,Документы партнеров\google_terms_of_service_en.pdf
48562,apr 29 07:54,Документы партнеров\ok_history_new.pdf
152579,apr 29 07:54,Документы партнеров\politika_konfidencialnosti.pdf
210217,apr 29 07:54,Документы партнеров\rules.pdf
195234,apr 29 07:54,Документы партнеров\version-090924.pdf
88983,apr 29 07:54,Документы партнеров\version-300824.pdf
30276916,sep 26 16:07,Прочее\%20%D1%81%D0%BE%D0%B3%D0%BB%D0%B0%D1%88%D0%B5%D0%BD%D0%B8%D0%B5.pdf
113186,sep 26 18:33,Прочее\%D0%90%D0%BD%D0%BD%D0%BE%D1%82%D0%B0%D1%86%D0%B8%D1%8F%20%D0%90%D0%9F%D0%A6%D0%9F%D0%B8%D0%A6%D0%AD.pdf
519956,sep 26 19:56,Прочее\%D0%90%D1%80%D1%82%D0%B5%D0%BC%20%D0%A8%D0%B0%D0%B4%D1%80%D0%B8%D0%BD.pdf
117798,sep 26 15:59,Прочее\%D0%91%D1%83%D1%85%D0%B3%D0%B0%D0%BB%D1%82%D0%B5%D1%80.pdf
282320,sep 26 15:48,Прочее\%D0%94%D0%BB%D1%8F%20%D1%81%D0%B0%D0%B9%D1%82%D0%B0%20%D0%A1%D1%80%D0%B5%D0%B4%D0%BD%D0%B8%D0%B9%20%D0%B1%D0%B0%D0%BB%D0%BB%20%D0%B8%20%D0%95%D0%93%D0%AD%202021_22.pdf
1712537,sep 26 16:10,Прочее\%D0%98%D0%BD%D1%81%D1%82%D1%80%D1%83%D0%BA%D1%86%D0%B8%D1%8F_%D0%93%D0%BE%D1%81%D1%83%D1%81%D0%BB%D1%83%D0%B3%D0%B8.pdf
291010,sep 26 16:10,Прочее\%D0%98%D0%BD%D1%81%D1%82%D1%80%D1%83%D0%BA%D1%86%D0%B8%D1%8F_%D0%9C%D0%A4%D0%A6.pdf
139142,sep 26 16:03,Прочее\%D0%9C%D0%B5%D1%80%D0%BE%D0%BF%D1%80%D0%B8%D1%8F%D1%82%D0%B8%D1%8F_%D0%9D%D0%90%D0%9C_%D0%B2%D0%B5%D1%81%D0%BD%D0%B0_2022.pdf
105629,sep 26 18:17,Прочее\%D0%9E%D0%B1%D1%8A%D0%B5%D0%BA%D1%82%D1%8B_%D0%B2%D0%BE%D1%81%D0%BF%D0%B8%D1%82%D0%B0%D0%BD%D0%B8%D1%8F.pdf
14742,sep 26 20:13,Прочее\%D0%9E%D1%82%D1%87%D0%B5%D1%82%20%D0%BE%20%D0%BA%D0%BE%D0%BC%D0%B0%D0%BD%D0%B4%D0%B8%D1%80%D0%BE%D0%B2%D0%BA%D0%B5.docx
234722,sep 26 14:20,Прочее\%D0%9F%D0%90%D0%9C%D0%AF%D0%A2%D0%9A%D0%90%20%D0%B4%D0%BB%D1%8F%20%D0%BF%D1%80%D0%B8%D0%B5%D0%B7%D0%B6%D0%B0%D1%8E%D1%89%D0%B8%D1%85%202025.pdf
974078,apr 29 07:54,Прочее\%D0%9F%D0%9F_2025_19.01.2025_%D0%B8%D1%82%D0%BE%D0%B31.pdf
537439,sep 26 16:02,Прочее\%D0%9F%D0%A0%D0%9E%D0%93%D0%A0%D0%90%D0%9C%D0%9C%D0%90%20%D0%9C%D0%9D%D0%9F%D0%9A%20.pdf
524682,sep 26 14:20,Прочее\%D0%9F%D0%A3%D0%91%D0%9B%D0%98%D0%A7%D0%9D%D0%AB%D0%99%20%D0%9E%D0%A2%D0%A7%D0%81%D0%A2%20%D0%A2%D0%9A%20%D0%AE%D0%A4%D0%A3%202020_0.pdf
161027,sep 26 18:21,Прочее\%D0%9F%D0%A4%D0%A5%D0%94%202022%20%20%20%D0%B8%D0%B7%D0%BC%2001%20%D1%81%20%D0%BE%D1%82%D1%82%D0%B8%D1%81%D0%BA%D0%BE%D0%BC.pdf
161166,sep 26 18:21,Прочее\%D0%9F%D0%A4%D0%A5%D0%94%202022%20%20%20%D0%B8%D0%B7%D0%BC%2002%20%D1%81%20%D0%BE%D1%82%D1%82%D0%B8%D1%81%D0%BA%D0%BE%D0%BC.pdf
161035,sep 26 18:21,Прочее\%D0%9F%D0%A4%D0%A5%D0%94%202022%20%20%20%D0%B8%D1%81%D1%85%D0%BE%D0%B4%D0%BD%D1%8B%D0%B9%20%D1%81%20%D0%BE%D1%82%D1%82%D0%B8%D1%81%D0%BA%D0%BE%D0%BC.pdf
191215,sep 26 18:21,Прочее\%D0%9F%D0%A4%D0%A5%D0%94%202023%20%20%20%D0%B8%D1%81%D1%85%D0%BE%D0%B4%D0%BD%D1%8B%D0%B9%20%D1%81%20%D0%BE%D1%82%D1%82%D0%B8%D1%81%D0%BA%D0%BE%D0%BC.pdf
2522115,sep 26 18:28,Прочее\%D0%9F%D1%80%D0%B8%D0%BA%D0%B0%D0%B7%20N906.pdf
164074,apr 29 07:54,Прочее\%D0%9F%D1%80%D0%B8%D0%BB%D0%BE%D0%B6%D0%B5%D0%BD%D0%B8%D0%B5%201.pdf
1878644,sep 26 14:20,Прочее\%D0%9F%D1%83%D0%B1%D0%BB%D0%B8%D1%87%D0%BD%D1%8B%D0%B9%20%D0%BE%D1%82%D1%87%D1%91%D1%82%20%D0%A2%D0%9A%20%D0%AE%D0%A4%D0%A3.pdf
2005362,sep 26 14:20,Прочее\%D0%9F%D1%83%D0%B1%D0%BB%D0%B8%D1%87%D0%BD%D1%8B%D0%B9%20%D0%BE%D1%82%D1%87%D1%91%D1%82%202021.pdf
1105236,sep 26 14:20,Прочее\%D0%9F%D1%83%D0%B1%D0%BB%D0%B8%D1%87%D0%BD%D1%8B%D0%B9%20%D0%BE%D1%82%D1%87%D1%91%D1%82%202023.pdf
1294359,sep 26 14:20,Прочее\%D0%9F%D1%83%D0%B1%D0%BB%D0%B8%D1%87%D0%BD%D1%8B%D0%B9_%D0%BE%D1%82%D1%87%D1%91%D1%82_%D0%A2%D0%9A_%D0%AE%D0%A4%D0%A3_2024.pdf
688258,sep 26 13:50,Прочее\%D0%9F112-%D0%9E%D0%94_%D0%9F%D1%80%D0%BE%D0%B3%D1%80%D0%B0%D0%BC%D0%BC%D0%B0%20%D0%B2%D0%BE%D1%81%D0%BF%D0%B8%D1%82%D0%B0%D0%BD%D0%B8%D1%8F.pdf
511872,sep 26 19:54,Прочее\%D0%9F15_%D0%9C%D0%A3%D0%90%D0%9C_%D0%A6%D0%9A.pdf
1003233,sep 26 13:51,Прочее\%D0%9F1620_%D0%9F%D0%BB%D0%B0%D0%BD%20%D0%92%D0%A0%20%D0%BD%D0%B0%202021-2022%20%D1%83%D1%87.%D0%B3%D0%BE%D0%B4.pdf
512893,sep 26 13:50,Прочее\%D0%9F1631_%D0%9E%D0%9F%20%D0%B8%20%D0%BF%D1%80%D0%BE%D0%B3%D1%80%D0%B0%D0%BC%D0%BC%D0%B0%20%D0%B2%D0%BE%D1%81%D0%BF%D0%B8%D1%82%D0%B0%D0%BD%D0%B8%D1%8F.pdf
1861324,sep 26 19:54,Прочее\%D0%9F320-%D0%9E%D0%94_%D0%9F%D1%80%D0%BE%D1%84%D0%BE%D0%B1%D1%83%D1%87%D0%B5%D0%BD%D0%B8%D0%B5_%D0%AE%D0%A4%D0%A3.pdf
430840,sep 26 20:18,Прочее\%D0%9F336-%D0%9E%D0%94_05.12.2022_%20%D0%A1%D1%82%D0%B0%D0%BD%D0%B4%D0%B0%D1%80%D1%82%20%D0%AE%D0%A4%D0%A3_10.05.04.pdf
752019,sep 26 14:20,Прочее\%D0%A0%D0%90%D0%A1%D0%9F1035-%D1%80%20HR.pdf
493365,sep 26 14:20,Прочее\%D0%A0%D0%90%D0%A1_127-%D1%80%20%D0%90%D1%81%D1%81%D0%BE%D1%86%D0%B8%D0%B0%D1%86%D0%B8%D1%8F.pdf
896735,sep 26 14:21,Прочее\%D0%A0%D0%90%D0%A1_128-%D0%A0%20%D0%97%D0%B0%D0%BA%D1%80%D1%8B%D1%82%D0%B8%D0%B5%20%D0%A8%D0%9C%D0%91%203.0.pdf
529850,sep 26 14:20,Прочее\%D0%A0%D0%90%D0%A1_1338-%D0%A0%20%D0%9A%D1%80%20%D1%81%D1%82%D0%BE%D0%BB%20%D0%94%D0%9D%D0%9A.pdf
603953,sep 26 14:21,Прочее\%D0%A0%D0%90%D0%A1_142-%D1%80%20(1).pdf
734696,sep 26 14:21,Прочее\%D0%A0%D0%90%D0%A1_143-%D1%80.pdf
668167,sep 26 14:20,Прочее\%D0%A0%D0%90%D0%A1_146-%D1%80.pdf
526985,sep 26 14:20,Прочее\%D0%A0%D0%90%D0%A1_152-%D1%80.pdf
493896,sep 26 14:20,Прочее\%D0%A0%D0%90%D0%A1_153-%D0%A0.pdf
494991,sep 26 14:20,Прочее\%D0%A0%D0%90%D0%A1_1532-%D1%80.pdf
646347,sep 26 14:20,Прочее\%D0%A0%D0%90%D0%A1_263-%D1%80%2015.03.pdf
714149,sep 26 14:20,Прочее\%D0%A0%D0%90%D0%A1_264-%D1%80%20HR%20%D0%BA%D0%BB%D1%83%D0%B1%2014.03.pdf
496369,sep 26 14:20,Прочее\%D0%A0%D0%90%D0%A1_303-%D1%80.pdf
548387,sep 26 14:20,Прочее\%D0%A0%D0%90%D0%A1_419-%D1%80%20%D0%B4%D0%B5%D0%BD%D1%8C%20%D0%B2%D1%8B%D0%BF%D1%83%D1%81%D0%BA%D0%BD%D0%B8%D0%BA%D0%B0.pdf
492509,sep 26 14:20,Прочее\%D0%A0%D0%90%D0%A1_546-%D1%80.pdf
677819,sep 26 14:20,Прочее\%D0%A0%D0%90%D0%A1_669-%D1%80.pdf
705722,sep 26 14:20,Прочее\%D0%A0%D0%90%D0%A1_715-%D1%80%20HR.pdf
678915,sep 26 14:20,Прочее\%D0%A0%D0%90%D0%A1_766-%D1%80.pdf
745507,sep 26 14:21,Прочее\%D0%A0%D0%90%D0%A1_95-%D1%80%20%D0%9F%D1%80%D0%B5%D1%81%D1%82%D0%B8%D0%B6%20%D1%80%D0%B0%D0%B1%D0%BE%D1%82%D0%BE%D0%B4%D0%B0%D1%82%D0%B5%D0%BB%D0%B5%D0%B9.pdf
922050,sep 26 13:41,Прочее\%D0%A0%D0%9F%D0%94%20%D0%B8%20%D0%9A%D0%9F%2015.02.10%20(2).pdf
521525,sep 26 14:20,Прочее\%D0%A0384.pdf
896857,sep 26 14:20,Прочее\%D0%A0386.%20%D0%A7%D0%B5%D0%BB%D0%BE%D0%B2%D0%B5%D0%BA%20%D0%B2%20%D0%BC%D0%B8%D1%80%D0%B5%20%D0%98%D0%98.pdf
692906,sep 26 14:20,Прочее\%D0%A0502%20%D0%A4%D1%80%D0%BE%D0%BD%D1%82%D0%B8%D1%80%D1%8B%20%D0%BA%D0%B0%D1%80%D1%8C%D0%B5%D1%80%D1%8B.pdf
563794,sep 26 14:20,Прочее\%D0%A0545_0.pdf
570853,sep 26 14:20,Прочее\%D0%A0613%20%D0%BF%D0%B0%D1%81%D0%BF%D0%BE%D1%80%D1%82%D0%B0%20%D0%BA%D0%BE%D0%BC%D0%BF%D0%B5%D1%82%D0%B5%D0%BD%D1%86%D0%B8%D0%B9.pdf
521281,sep 26 14:20,Прочее\%D0%A0764.pdf
515421,sep 26 14:20,Прочее\%D0%A0953.pdf
288020,sep 26 13:44,Прочее\%D0%A2%D0%B5%D1%85%D0%BD%D0%BE%D1%81%D1%84%D0%B5%D1%80%D0%BD%D0%B0%D1%8F-%D0%B1%D0%B5%D0%B7%D0%BE%D0%BF%D0%B0%D1%81%D0%BD%D0%BE%D1%81%D1%82%D1%8C.pdf
32410,sep 26 20:20,Прочее\%D0%B4%D0%BE%D0%B3%D0%BE%D0%B2%D0%BE%D1%80_%D0%B8%D1%8E%D0%BB%D1%8C.docx
22640,sep 26 16:06,Прочее\%D0%B7%D0%B0%D1%8F%D0%B2%D0%BB%D0%B5%D0%BD%D0%B8%D0%B5%20%D1%80%D0%B5%D0%BA%D1%82%D0%BE%D1%80%D1%83.docx
22997,sep 26 20:20,Прочее\%D0%B7%D0%B0%D1%8F%D0%B2%D0%BB%D0%B5%D0%BD%D0%B8%D0%B5.docx
528830,sep 26 15:20,Прочее\01.04.00.pdf
322840,sep 26 15:21,Прочее\01.04.02.pdf
701521,sep 26 15:21,Прочее\02.04.02.pdf
857851,sep 26 15:21,Прочее\02.04.02_rob.pdf
7642457,sep 26 15:48,Прочее\03-5-01-005.pdf
147924,sep 26 15:21,Прочее\03.04.02.pdf
187109,sep 26 15:21,Прочее\03.04.03.pdf
174260,sep 26 19:48,Прочее\030302_B_3_31082020.pdf
177801,sep 26 19:48,Прочее\030303_B_3_31082020.pdf
457282,sep 26 15:21,Прочее\04.04.01.pdf
169928,sep 26 19:49,Прочее\050301_B_3_23082020.pdf
187987,sep 26 19:49,Прочее\050302_B_3_23082020.pdf
178493,sep 26 19:49,Прочее\050304_B_3_31082020.pdf
1318947,sep 26 15:21,Прочее\06.04.01.pdf
1446719,sep 26 15:21,Прочее\06.04.02.pdf
181621,sep 26 19:49,Прочее\060302_B_3_23082020.pdf
1459401,sep 26 13:56,Прочее\06_gorgorova.pdf
1322926,sep 26 15:21,Прочее\07.04.01.pdf
1174855,sep 26 15:21,Прочее\07.04.02.pdf
835743,sep 26 15:21,Прочее\07.04.03.pdf
768803,sep 26 15:24,Прочее\1.1.pdf
248149,sep 26 15:24,Прочее\1.2.1.pdf
259370,sep 26 15:24,Прочее\1.2.2.pdf
503399,sep 26 15:24,Прочее\1.2.2_mat_mod.pdf
724590,sep 26 15:24,Прочее\1.2.2_r.pdf
449574,sep 26 15:24,Прочее\1.3.pdf
922772,sep 26 15:24,Прочее\1.4.pdf
683852,sep 26 15:24,Прочее\1.5.pdf
246799,sep 26 15:24,Прочее\1.6.pdf
15378,sep 26 15:24,Прочее\100_asp.docx
18135,sep 26 20:27,Прочее\100_bak.docx
15067,sep 26 20:27,Прочее\100_bak_Urmosh.docx
751720,sep 26 16:55,Прочее\105_order_Spanish_courses.pdf
598875,sep 26 15:21,Прочее\11.04.01.pdf
749573,sep 26 15:21,Прочее\11.04.02.pdf
177054,sep 26 19:51,Прочее\110401_М_3_17062021.pdf
3380054,sep 26 18:27,Прочее\118.pdf
478324,sep 26 15:22,Прочее\12.04.01_r.pdf
679355,sep 26 15:22,Прочее\12.04.01_t.pdf
1746998,sep 26 13:56,Прочее\142_152_Gorgorova.pdf
808501,sep 26 15:22,Прочее\15.04.04.pdf
747940,sep 26 15:22,Прочее\15.04.06.pdf
2249309,sep 26 18:51,Прочее\16122024_DSU_Pulse.pdf
706433,sep 26 19:02,Прочее\16862016212227.pdf
1562074,sep 26 19:02,Прочее\17437679069420.pdf
232777,sep 26 13:56,Прочее\17_av1-202252.pdf
1231850,sep 26 16:31,Прочее\18n.pdf
527605,sep 26 16:31,Прочее\19n.pdf
537,sep 26 14:28,Прочее\1C_Science-pattern.rtf
457309,sep 26 15:24,Прочее\2.1.pdf
791793,sep 26 15:24,Прочее\2.2.13.pdf
699672,sep 26 15:24,Прочее\2.2.14.pdf
618792,sep 26 15:25,Прочее\2.2.16.pdf
223966,sep 26 15:25,Прочее\2.3.1.pdf
710688,sep 26 15:25,Прочее\2.3.1_t.pdf
716255,sep 26 15:25,Прочее\2.3.4.pdf
694604,sep 26 15:25,Прочее\2.3.5.pdf
245003,sep 26 15:25,Прочее\2.3.6.pdf
237273,sep 26 15:25,Прочее\2.3.7.pdf
242547,sep 26 15:25,Прочее\2.3.8.pdf
456641,sep 26 19:00,Прочее\2.4_reg_comisia_etica_r2.pdf
714917,sep 26 15:25,Прочее\2.5.13.pdf
687941,sep 26 15:25,Прочее\2.5.4.pdf
15137,sep 26 20:27,Прочее\200_bak_Urmosh.docx
3565540,sep 26 19:02,Прочее\2024%20Y%C4%B1l%C4%B1%20%C4%B0dare%20Faaliyet%20Raporu.pdf
514912,sep 26 12:34,Прочее\2025-2.pdf
606840,sep 26 12:34,Прочее\2025-_.pdf
180759,sep 26 19:01,Прочее\2025-olanaklar.pdf
332269,sep 26 12:34,Прочее\2025.pdf
399067,sep 26 19:00,Прочее\2025_MSASM_PI_E010.pdf
1101018,apr 29 07:54,Прочее\2025Правила%20приёма%202025.26.pdf
619950,sep 26 14:26,Прочее\216e9fc932f0a2027c207d9b1bb2e0cd.pdf
587019,sep 26 16:12,Прочее\2190-4286-12-49-S1.pdf
3390484,sep 26 16:12,Прочее\2190-4286-12-49.pdf
1071010,sep 26 16:09,Прочее\22nssvm5rk9x2ss9h33xq5h9ckbae1gd.pdf
20952,sep 26 16:10,Прочее\24.11.2020 - форма заявления на участие в конкурсе.docx
21885,sep 26 16:10,Прочее\24.11.2020 - форма согласия соискателя.docx
1737550,sep 26 16:31,Прочее\24n.pdf
722970,sep 26 15:22,Прочее\27.04.04.pdf
501123,sep 26 15:22,Прочее\27.04.06.pdf
376369,sep 26 15:22,Прочее\28.04.01_r.pdf
4669129,sep 26 16:06,Прочее\2n8uitfe0x.pdf
1727537,sep 26 17:53,Прочее\3 сентября EduNet.pdf
726637,sep 26 15:22,Прочее\37.04.01.pdf
467788,sep 26 15:22,Прочее\37.04.02.pdf
428974,sep 26 15:22,Прочее\38.04.01.pdf
309143,sep 26 15:22,Прочее\38.04.01_Economics.pdf
361779,sep 26 15:22,Прочее\38.04.02.pdf
339679,sep 26 15:22,Прочее\38.04.02_ETP.pdf
503080,sep 26 15:22,Прочее\38.04.03.pdf
667264,sep 26 15:22,Прочее\38.04.08.pdf
374619,sep 26 15:22,Прочее\39.04.02.pdf
544475,sep 26 15:25,Прочее\4.1.3.pdf
1323073,sep 26 15:25,Прочее\4.3.5.pdf
837453,sep 26 15:23,Прочее\40_04_01_program_mag_2025.pdf
319659,sep 26 15:23,Прочее\41.04.04.pdf
406970,sep 26 15:23,Прочее\41.04.05.pdf
504302,sep 26 15:23,Прочее\41.04.05_International_Communication.pdf
151070,sep 26 13:56,Прочее\42.pdf
190258,sep 26 15:23,Прочее\43.04.01_programm_mag_2025.pdf
550781,sep 26 15:23,Прочее\43.04.02.pdf
456553,sep 26 15:23,Прочее\44.04.01_177.pdf
984882,sep 26 15:23,Прочее\44.04.01_inkl.pdf
805975,sep 26 15:23,Прочее\44.04.01_innov.pdf
1031945,sep 26 15:23,Прочее\44.04.01_issled.pdf
384632,sep 26 15:23,Прочее\44.04.01_ist.pdf
988834,sep 26 15:23,Прочее\44.04.01_nast.pdf
1159605,sep 26 15:23,Прочее\44.04.01_ped_nach.pdf
305942,sep 26 15:23,Прочее\44.04.01_ph_obr.pdf
1029555,sep 26 15:23,Прочее\44.04.01_rukov.pdf
842461,sep 26 15:23,Прочее\44.04.01_soc_ped.pdf
332082,sep 26 15:23,Прочее\44.04.01_sov_obr.pdf
794524,sep 26 15:23,Прочее\44.04.01_spanish.pdf
620215,sep 26 15:24,Прочее\44.04.02.pdf
759607,sep 26 15:24,Прочее\44.04.03.pdf
661031,sep 26 15:24,Прочее\44.04.04.pdf
303365,sep 26 15:23,Прочее\44_04_02_obr_sred.pdf
730454,sep 26 15:24,Прочее\45.04.01_International_Communication.pdf
475118,sep 26 15:24,Прочее\45.04.01_komm.pdf
656430,sep 26 15:24,Прочее\45.04.01_tpimk.pdf
336202,sep 26 15:24,Прочее\46.04.01.pdf
417958,sep 26 15:24,Прочее\47.04.01.pdf
88849,sep 26 18:56,Прочее\47.pdf
719101,sep 26 19:36,Прочее\49.03.02.pdf
654644,sep 26 15:24,Прочее\49.04.03.pdf
1007378,sep 26 18:56,Прочее\49.pdf
393305,sep 26 13:47,Прочее\49PSMN519.pdf
558090,sep 26 14:26,Прочее\4a2be25626609e594edc147261ef747d.pdf
1370794,sep 26 16:49,Прочее\4b708f12-9518-45cd-bac0-7b3ae2b4e78e.pdf
1852816,apr 29 07:54,Прочее\5-05-20_US-59_27.12.2024.pdf
371423,sep 26 15:25,Прочее\5.1.3.pdf
367896,sep 26 15:25,Прочее\5.1.4.pdf
253181,sep 26 15:26,Прочее\5.10.1.pdf
416687,sep 26 15:26,Прочее\5.12.1.pdf
557851,sep 26 15:25,Прочее\5.2.1.pdf
753086,sep 26 15:25,Прочее\5.2.3.pdf
921199,sep 26 15:25,Прочее\5.2.4.pdf
430627,sep 26 15:25,Прочее\5.2.4_org.pdf
913940,sep 26 15:25,Прочее\5.2.5.pdf
389436,sep 26 15:25,Прочее\5.2.6.pdf
886256,sep 26 15:25,Прочее\5.3.1.pdf
747482,sep 26 15:25,Прочее\5.3.2.pdf
886280,sep 26 15:25,Прочее\5.3.5.pdf
554876,sep 26 15:25,Прочее\5.5.1.pdf
493791,sep 26 15:25,Прочее\5.5.2.pdf
261620,sep 26 15:25,Прочее\5.7.1.pdf
260387,sep 26 15:25,Прочее\5.7.2.pdf
260496,sep 26 15:25,Прочее\5.7.7.pdf
261134,sep 26 15:25,Прочее\5.7.8.pdf
728893,sep 26 15:25,Прочее\5.8.1.pdf
720546,sep 26 15:25,Прочее\5.8.2.pdf
683235,sep 26 15:25,Прочее\5.8.3.pdf
657985,sep 26 15:25,Прочее\5.8.7.pdf
184906,sep 26 15:25,Прочее\5.8.pdf
349449,sep 26 15:26,Прочее\5.9.6_en.pdf
270489,sep 26 15:26,Прочее\5.9.6_sp.pdf
629756,sep 26 15:26,Прочее\5.9.8.pdf
381464,sep 26 15:24,Прочее\51.04.01.pdf
596664,sep 26 16:31,Прочее\51n.pdf
10374455,sep 26 18:59,Прочее\522.pdf
684152,sep 26 15:24,Прочее\54.04.01.pdf
1014340,sep 26 15:24,Прочее\54.04.02.pdf
598811,sep 26 14:27,Прочее\5487d8240beaf469a1a10ee370749263.pdf
915724,sep 26 16:09,Прочее\5fqhsxirzo8b3s7xsukssg8sbsz05b38.pdf
2433900,sep 26 18:56,Прочее\6.pdf
15091,sep 26 19:02,Прочее\63_ffa6_7.Gizlilik%20ve%20%C3%87erez%20Politikas%C4%B1_4064465.docx
1571436,sep 26 16:31,Прочее\66n.pdf
559619,sep 26 14:27,Прочее\6b588aa921ec0008657cb728cfce508d.pdf
1764851,sep 26 16:31,Прочее\766.pdf
75847,sep 26 16:09,Прочее\7l786rg9llt2odfq9u9zmrwunkk3k3q7.pdf
683914,sep 26 18:18,Прочее\8. Индексация Расп РФ.pdf
534134,sep 26 14:26,Прочее\82174ac3fa46f97441160bfa3b5fef76.pdf
19550773,sep 26 19:01,Прочее\83124a_7c666ad59fdd470f83e349daad57df65.pdf
105139,sep 26 16:09,Прочее\9ld9ylp04noekda30doh1pe1qjxt7md9.pdf
143197,sep 26 18:51,Прочее\AC_11082025.pdf
3329529,sep 26 18:58,Прочее\AI-SANA_2603.pdf
416738,sep 26 18:51,Прочее\AIC-DSU_CONTENT.pdf
1322584,sep 26 18:54,Прочее\AICTE_2025.pdf
3739471,sep 26 18:54,Прочее\AICTE_Mandatory_Disclosure_2024_25.pdf
14726,sep 26 17:37,Прочее\APS.docx
88849,sep 26 18:56,Прочее\Anant-Ram-UGC.pdf
61952,sep 26 16:02,Прочее\Anexos_stud_conf_2021_ru.doc
532230,sep 26 15:40,Прочее\Announcement-on-the-Opening-Day-of-the-INEP-SFU-on-March-30-2024.pdf
537,sep 26 14:27,Прочее\Application-Offer-Form.rtf
130875,sep 26 18:33,Прочее\Area%20studies%20and%20tourist%20destinations.pdf
261067,sep 26 16:52,Прочее\Aula%20Hispanica_plano_rus_2016-po-mayo.pdf
276551,sep 26 16:52,Прочее\Aula_Hispanica_plano_rus_2014-2015.pdf
251199,sep 26 16:52,Прочее\Aula_Hispanica_rus_2015.pdf
200635,sep 26 16:52,Прочее\Aula_Hispanica_vesna_2018.pdf
47616,sep 26 16:52,Прочее\Aula_Hispánica_osen_2017.doc
37888,sep 26 16:52,Прочее\Aula_Hispánica_osen_2018_rus.doc
197792,sep 26 16:52,Прочее\Aula_Hispánica_osen_2019_rus.pdf
46080,sep 26 16:52,Прочее\Aula_Hispánica_vesna_2018_rus.doc
537,sep 26 14:27,Прочее\Azov_conf-application.rtf
537,sep 26 14:27,Прочее\Azov_conf-example.rtf
537,sep 26 14:27,Прочее\Azov_conf-requirements.rtf
3528415,sep 26 18:55,Прочее\BA_JMC_brochure_2025.pdf
2101837,sep 26 18:55,Прочее\BBA_Brochure_2025.pdf
2080985,sep 26 18:55,Прочее\BCA_brochure_2025.pdf
1753559,sep 26 18:55,Прочее\BCom_Brochure.pdf
7357244,sep 26 18:55,Прочее\BDesign_brochure.pdf
1119522,sep 26 18:57,Прочее\BGP.pdf
5591003,sep 26 18:55,Прочее\BSC_DS_2025.pdf
1555705,sep 26 18:55,Прочее\BSc_MSc_Basic_Science_brochure_2025.pdf
537,sep 26 14:27,Прочее\Bid_Bachelor-Specialist.rtf
537,sep 26 14:27,Прочее\Bid_Magistracy.rtf
97351,sep 26 18:39,Прочее\Building_innovation_Vitoshko.pdf
1265936,sep 26 16:55,Прочее\Business%20Spanish%20A2%20the%20order.pdf
72131,sep 26 18:33,Прочее\Business%20in%20Tourism%20and%20Hospitality.pdf
492019,sep 26 15:20,Прочее\CMTF_oral_exam.pdf
249979,sep 26 16:56,Прочее\CNO_AULA_Hispanica.pdf
502943,sep 26 20:27,Прочее\CT_RB_2025.pdf
4116156,sep 26 18:49,Прочее\CVDrKased.pdf
295289,sep 26 16:00,Прочее\Call-for-papers_2024.pdf
332056,sep 26 19:00,Прочее\CartaCercetatoruluiCodul-de-Conduita.pdf
313219,sep 26 16:55,Прочее\CartaInformativaCongreso2025_ru.pdf
1748576,sep 26 19:00,Прочее\Carta_ASEM.pdf
2016192,sep 26 19:01,Прочее\Catalogue_of_UNG_Equipment_and_Expertise_for_External_users.pdf
10120422,sep 26 19:00,Прочее\Cod_etica_2023.pdf
138963,sep 26 16:01,Прочее\ConfPABCProgram_2023.pdf
22298,sep 26 16:55,Прочее\Congreso_Anexos_rus_2025.docx
109786,sep 26 18:32,Прочее\Course%20Syllabus%20(General%20Pedagogy).pdf
138672,sep 26 18:32,Прочее\Course%20Syllabus%20(Pedagogical%20Theory%20and%20Conceptions).pdf
126569,sep 26 18:32,Прочее\Course%20Syllabus%20(Preparation%20of%20Scientific%20Publications).pdf
124391,sep 26 18:32,Прочее\Course%20Syllabus%20(Vocational%20Training%20Technologies).pdf
136864,sep 26 18:33,Прочее\Course%20syllabus%20%20MATHEMATICAL%20MODELS%20OF%20PROCESS%20AND%20SYSTEMS.pdf
126823,sep 26 18:32,Прочее\Course%20syllabus%20(Model-analytical%20and%20Strategic%20Research%20Methods).pdf
130715,sep 26 18:33,Прочее\Course%20syllabus%20ADVANCED%20PROBLEMS%20OF%20MATHEMATICAL%20PHYSICS.pdf
133539,sep 26 18:32,Прочее\Course%20syllabus%20ASPT%20methods.pdf
84035,sep 26 18:33,Прочее\Course%20syllabus%20MODERN%20Computer%20Technologies%202022.pdf
136461,sep 26 18:33,Прочее\Course%20syllabus%20MODERN%20NUMERICAL%20METHODS%20IN%20MATHEMATICAL%20MODELING.pdf
134642,sep 26 18:33,Прочее\Course%20syllabus%20Mathematical%20models%20in%20biology.pdf
137538,sep 26 18:33,Прочее\Course%20syllabus%20Sociology%20of%20the%20Internet.pdf
129668,sep 26 18:33,Прочее\Course%20syllabus%20sample%20(International%20standards%20for%20legal%20-%20%D0%90%D1%80%D0%B7%D1%83%D0%BC%D0%B0%D0%BD%D1%8F%D0%BD).pdf
56758,sep 26 18:32,Прочее\Course%20syllabus%20sample_Ecology%20of%20the%20city.pdf
57685,sep 26 18:32,Прочее\Course%20syllabus%20sample_Environmental%20problems%20and%20environmental%20pollution.pdf
103428,sep 26 18:32,Прочее\Course%20syllabus%20sample_Key%20Concepts%20in%20Urban%20and%20Cultural%20Studies.pdf
54623,sep 26 18:32,Прочее\Course%20syllabus%20sample_Scientific%20research%20design%20of%20urban%20environment.pdf
54334,sep 26 18:32,Прочее\Course%20syllabus%20sample_Territory%20branding.pdf
107022,sep 26 18:32,Прочее\Course%20syllabus%20sample_Urban%20design%20project%204.%20Renovation%20of%20the%20urban%20environment.pdf
107038,sep 26 18:32,Прочее\Course%20syllabus%20sample_Urban%20design%20project%205.%20Designing%20an%20environment%20based%20on%20the%20concept%20of%20identity.pdf
106679,sep 26 18:32,Прочее\Course%20syllabus%20sample_Urban%20development.pdf
127920,sep 26 18:33,Прочее\Course%20syllabus_Culture%20and%20Philosophy%20of%20Ancient%20Greece%20in%20Russian%20studies%20of%20Classics_2022.pdf
138654,sep 26 18:33,Прочее\Course%20syllabus_Logical%20Argumentation%20and%20Critical%20Thinking_2022.pdf
74204,sep 26 18:33,Прочее\Course%20syllabus_Methodology%20of%20Social%20Sciences%20and%20Humanities_2022.pdf
139648,sep 26 18:33,Прочее\Course%20syllabus_Nedin.pdf
76033,sep 26 18:33,Прочее\Course%20syllabus_Religions%20%20.pdf
130346,sep 26 18:33,Прочее\Course%20syllabus_Semiotic%20Studies%20in%20Russia%20and%20Development%20of%20the%20Humanities%20in%20Europe_2022.pdf
73246,sep 26 18:33,Прочее\Course%20syllabus_Soviet%20Science%20and%20Science%20in%20Modern%20Russia_2022.pdf
72297,sep 26 18:33,Прочее\Cutting-edge%20management%20in%20hotels%20and%20hospitality%20enterprises.pdf
537,sep 26 14:27,Прочее\DGTU-conference-programm.rtf
6391245,sep 26 18:54,Прочее\DSUFeedbackAnalysisReport.pdf
23506709,sep 26 18:54,Прочее\DSUSampleFilledFeedbackCollected.pdf
775086,sep 26 18:55,Прочее\DSU_City_innovation_Campus_Programs_2025.pdf
988139,sep 26 18:55,Прочее\DSU_Main_Campus_Programs_2025.pdf
332702,sep 26 18:54,Прочее\DSU_Research_Ethics_Policy_2021.pdf
456409,sep 26 12:34,Прочее\Der.pdf
4308267,sep 26 15:48,Прочее\Donnews-Mediakit.pdf
537,sep 26 14:28,Прочее\EBBondarevskaia_conference-info.rtf
3798310,sep 26 18:51,Прочее\E_brochure_08022024.pdf
137560,sep 26 18:33,Прочее\Ecology%20of%20the%20city.pdf
100579,sep 26 18:33,Прочее\Economics%20of%20Sports.pdf
521855,sep 26 15:23,Прочее\Ecosystems.pdf
160002,sep 26 18:33,Прочее\Entrepreneurship%20in%20Hospitality.pdf
537,sep 26 14:27,Прочее\Errand_RFFI-form-v2.rtf
77247,sep 26 18:33,Прочее\Excursion%20business.pdf
537,sep 26 14:27,Прочее\FCP_competitions-notice.rtf
773312,sep 26 15:23,Прочее\FK_sport.pdf
1134592,sep 26 16:31,Прочее\FZ 273 ob obrazovanii-rf.doc
1003404,sep 26 16:31,Прочее\FZ 273.rtf
3115481,sep 26 16:55,Прочее\Folleto_cursos_ruso1.pdf
763168,sep 26 19:02,Прочее\Freedom%20of%20Speech%20and%20Academic%20Freedom%20Code%20of%20Practice%20-%20v3.4.pdf
54219,sep 26 18:33,Прочее\Fundamentals%20of%20Tourism.pdf
537,sep 26 14:27,Прочее\GenerationS-info.rtf
471623,sep 26 19:00,Прочее\Ghidul_Studentului_2023.pdf
537,sep 26 14:27,Прочее\Government-order_220-notice.rtf
6123047,sep 26 18:55,Прочее\Harohalli_Hostel_Student_handbook.pdf
104084,sep 26 18:39,Прочее\HiTech_Vitoshko.pdf
15140664,sep 26 18:39,Прочее\Highlights 18.pdf
47616,sep 26 16:52,Прочее\Horario_Aula_Hispanica_febrero-abril_2020.doc
45568,sep 26 16:52,Прочее\Horario_Aula_Hispanica_octubre-diciembre_2020.doc
24152,sep 26 16:52,Прочее\Horario_Aula_Hispánica_marzo-junio-2021.docx
778385,sep 26 16:55,Прочее\How_to_get_enrolled_2025.pdf
513160,sep 26 18:54,Прочее\IDP.pdf
1142131,sep 26 20:27,Прочее\ID_2025.pdf
2348740,sep 26 18:57,Прочее\INFN_AI_Strategy_2024_aggiornato.pdf
946687,sep 26 13:56,Прочее\IVD_2__1_Gorgorova.pdf_0704d8bae0.pdf
116736,sep 26 20:24,Прочее\Informatsionnoe-pismo-Olimpiada-SFEDU-English-25.doc
556606,sep 26 16:00,Прочее\Informatsionnoe-pismo_2024.pdf
1803942,sep 26 16:55,Прочее\Instr_test_2024.pdf
2557328,sep 26 19:42,Прочее\Instr_test_2025.pdf
76662,sep 26 18:39,Прочее\Integrated Marine Research Center.pdf
133894,sep 26 18:33,Прочее\International%20transport%20law.pdf
158082,sep 26 20:28,Прочее\KCP_asp_2025.pdf
357713,sep 26 20:28,Прочее\KCP_bs_2025.pdf
331690,sep 26 20:28,Прочее\KCP_mag_2025.pdf
513215,sep 26 14:28,Прочее\KD_013.pdf
268267,sep 26 14:28,Прочее\KD_014_rus.pdf
541532,sep 26 14:19,Прочее\KD_SPA_2023.pdf
1583065,sep 26 18:55,Прочее\LLM_brochure_2025.pdf
347901,sep 26 15:23,Прочее\Language_Teaching_in_the_Modern_Digital_Era.pdf
55533,sep 26 18:33,Прочее\Life%20safety.pdf
1680176,sep 26 18:55,Прочее\MBA_brochure_2025.pdf
2239231,sep 26 18:55,Прочее\MCA_brochure_2025.pdf
3360267,sep 26 18:55,Прочее\MSC_DS_2025.pdf
138075,sep 26 18:33,Прочее\Management%20advances%20in%20hospitality.pdf
4321600,sep 26 15:47,Прочее\Media-Kit_KG_2020.pdf
101676,sep 26 18:39,Прочее\Modern Microscopy.pdf
133856,sep 26 18:33,Прочее\Modern%20technology%20for%20improving%20the%20productivity%20of%20regional%20studies%20communications.pdf
368100,sep 26 15:20,Прочее\ModernSoftware_oral_exam.pdf
78605,sep 26 18:39,Прочее\Molecular_spectrostroscopy.pdf
354755,sep 26 19:48,Прочее\N413_17_05_2012.rtf
3720465,sep 26 18:55,Прочее\NSS_Actvities.pdf
89011,sep 26 18:39,Прочее\Nanoscale_substance_structure.pdf
101286,sep 26 18:39,Прочее\Nanotechnologies.pdf
82090,sep 26 18:33,Прочее\New%20managerial%20opportunities%20for%20modern%20organization.pdf
76465,sep 26 18:56,Прочее\Notification & Invitation - 11th Convocation of Manipal University Jaipur.pdf
454846,sep 26 18:54,Прочее\Ombadsuperson.pdf
8063610,sep 26 20:26,Прочее\Otchet%202016.pdf
173478,sep 26 16:51,Прочее\Otchet_2011.pdf
306274,sep 26 16:51,Прочее\Otchet_2012.pdf
450691,sep 26 16:51,Прочее\Otchet_2013.pdf
467359,sep 26 16:51,Прочее\Otchet_2014_rus.pdf
722799,sep 26 16:51,Прочее\Otchet_mezhdunarodnaya_deyatelnost_2016.pdf
668101,sep 26 16:51,Прочее\Otchet_nauka_2016.pdf
77222,sep 26 18:33,Прочее\Ovsepyan%20Course%20syllabus.pdf
1011838,sep 26 18:03,Прочее\P142_22.05.2023.pdf
443887,sep 26 20:28,Прочее\P201-OD.pdf
476182,sep 26 18:05,Прочее\P248_2022.pdf
1618737,sep 26 18:19,Прочее\P982.pdf
20235761,sep 26 18:57,Прочее\PCTE-2025.pdf
1410951,apr 29 07:54,Прочее\PP%20BSM%202025.pdf
19804937,sep 26 16:32,Прочее\PROGRAMMA%20FESTIVAL.pdf
209927,sep 26 17:52,Прочее\Perechen_poruchenii.pdf
226617,sep 26 16:51,Прочее\Planes2015_anodual_rus.pdf
361636,sep 26 16:51,Прочее\Planes2015_rus.pdf
355985,sep 26 16:51,Прочее\Planes2016_rus.pdf
45568,sep 26 16:52,Прочее\Planes_Aula_Hispánica_2016_rus_osen.doc
40960,sep 26 16:52,Прочее\Planes_Aula_Hispánica_2017_rus_vesna.doc
268038,sep 26 15:46,Прочее\Politika-PDN.pdf
237856,sep 26 19:01,Прочее\Politika_privatnosti_UB.pdf
250506,sep 26 16:31,Прочее\Postanovlenie Pravitelstva N 568.pdf
1951481,apr 29 07:54,Прочее\PravilaPriema_2025_VO_izm_24.01.2025.pdf
589738,apr 29 07:54,Прочее\Pravila_priema_2025_na_sait.pdf
764408,apr 29 07:54,Прочее\Pravila_priema_2025_v_SGUGiT_Bakalavriat_Specialitet.pdf
495816,apr 29 07:54,Прочее\Pravila_priema_bac_spec_2025.pdf
537,sep 26 14:27,Прочее\President_Grants-2018-info.rtf
1661239,sep 26 16:31,Прочее\Prikaz 601.pdf
315896,sep 26 16:31,Прочее\Prikaz П1421.pdf
537,sep 26 14:27,Прочее\Prikaz-1845_Application1-Report.rtf
537,sep 26 14:27,Прочее\Prikaz-1845_Application2-Act.rtf
537,sep 26 14:27,Прочее\Prikaz-1846_Application1-Report.rtf
537,sep 26 14:27,Прочее\Prikaz-1846_Application2-Act.rtf
537,sep 26 14:27,Прочее\Prikaz-1928_Application1-Report_form.rtf
537,sep 26 14:27,Прочее\Prikaz-1928_Application2-IC_codes.rtf
537,sep 26 14:28,Прочее\Prilogenie_Structural_division-report_form.rtf
533892,sep 26 20:23,Прочее\Prioritet_itogi.pdf
74127,sep 26 18:33,Прочее\Prof.communication.pdf
600215,sep 26 16:54,Прочее\Prog_stud_conf_Dec_es_2024_esp.pdf
458992,sep 26 16:54,Прочее\Prog_stud_conf_Dec_es_2024_rus.pdf
2554237,sep 26 19:00,Прочее\Progress%20report%20on%20the%20implementation%20of%20the%20Excellence%20Initiative%20-%20Research%20University%20by%20TUL.pdf
393210,sep 26 18:21,Прочее\Prot1_17.10.2024.pdf
216450,sep 26 18:21,Прочее\Prot2_20.02.2025.pdf
195954,sep 26 18:21,Прочее\Prot3_11.03.2025.pdf
375244,sep 26 18:21,Прочее\Prot4_17.07.2025.pdf
466614,sep 26 17:52,Прочее\Protokol N3 2022.pdf
654905,sep 26 17:52,Прочее\Protokol.pdf
407011,sep 26 17:52,Прочее\Protokol_0.pdf
245496,sep 26 17:52,Прочее\Protokol_04_02_2021.pdf
168903,sep 26 17:52,Прочее\Protokol_1.pdf
188966,sep 26 17:52,Прочее\Protokol_20.pdf
308924,sep 26 17:52,Прочее\Protokol_6_06.09.2023.pdf
556125,sep 26 17:52,Прочее\Protokol_prez_N2.pdf
121192,sep 26 18:56,Прочее\Public Self Disclosure.pdf
1322502,sep 26 18:54,Прочее\Public_Self_Disclosure_DSU.pdf
120270,sep 26 18:54,Прочее\QC3.pdf
1276706,sep 26 20:27,Прочее\RSOCH_2025.pdf
9564735,sep 26 19:01,Прочее\Raport_2024_EN.pdf
611632,sep 26 19:00,Прочее\Raport_comisia_etica.pdf
537,sep 26 14:27,Прочее\Rasporiagenie-1092-p_report-form.rtf
537,sep 26 14:27,Прочее\Rasporiagenie-1129-p_Application-sample.rtf
415371,sep 26 15:24,Прочее\Russian_Cultural_Studies.pdf
23842587,sep 26 18:51,Прочее\SELF_PORTRAIT_english_2025_ONLINE%20%281%29.pdf
1307438,sep 26 20:13,Прочее\SFedU_.pdf
427192,sep 26 15:23,Прочее\STEM.pdf
17562188,sep 26 17:37,Прочее\SciFinder%20Discovery%20Platform.pdf
3479448,sep 26 18:55,Прочее\SoE_Brochure_2025.pdf
2296922,sep 26 18:55,Прочее\SoL_Brochure.pdf
9353686,sep 26 16:55,Прочее\Sobre_nosotros_2025_compressed.pdf
749113,sep 26 15:24,Прочее\Sootv_asp_2025.pdf
926022,sep 26 15:20,Прочее\Sootv_mag_2025.pdf
623006,sep 26 16:55,Прочее\Spanish%20course%20A.pdf
636713,sep 26 16:55,Прочее\Spanish%20course%20B.pdf
212162,sep 26 13:51,Прочее\Spisok_citiruemosti_NII_Phys.docx
158985,sep 26 20:27,Прочее\Spisok_indiv_dostig.pdf
121796,sep 26 18:23,Прочее\Sred_ZPL_Adm_2016.pdf
537,sep 26 14:28,Прочее\Structural_division_Report_Form.rtf
319294,sep 26 19:12,Прочее\Structure_20190114.pdf
407065,sep 26 18:54,Прочее\Telephone_Directory1.pdf
279808,sep 26 16:53,Прочее\Tesis_kruglii_stol_1.pdf
122032,sep 26 18:39,Прочее\The_SRC.pdf
132571,sep 26 18:33,Прочее\Theory%20and%20methodology%20of%20research%20and%20teaching%20in%20hospitality%20industry.pdf
293846,sep 26 16:53,Прочее\Thesis_kruglii_stol.pdf
125499,sep 26 18:33,Прочее\Tourism%20development.pdf
199980,sep 26 15:21,Прочее\Trusted_AI_for_Blockchain.pdf
105638,sep 26 18:39,Прочее\TsKP_Biotekhnologia_biomeditsina_i_ekologicheskiy_monitoring_Babeshko.pdf
53613814,sep 26 18:54,Прочее\UGC-Form-Annexures.pdf
275697,sep 26 18:54,Прочее\UGC-Proforma.pdf
137925,sep 26 18:57,Прочее\UGC-Public-Self-Disclosure-document.pdf
3058349,sep 26 18:49,Прочее\UKS_Campus_Map_English.pdf
133120,sep 26 16:31,Прочее\Ukaz Prezidenta 147_01.04.16.doc
908547,sep 26 16:31,Прочее\Ukaz Prezidenta 226.rtf
310319,sep 26 16:31,Прочее\Ukaz Prezidenta 364_15.06.15.rtf
156651,sep 26 16:31,Прочее\Ukaz Prezidenta 378.pdf
1683064,sep 26 16:31,Прочее\Ukaz Prezidenta 478_16.08.21.pdf
1176682,sep 26 15:21,Прочее\Urban_Design.pdf
377738,sep 26 20:27,Прочее\VSOCH_2025.pdf
54784,sep 26 17:52,Прочее\VUZUFO.doc
213518,sep 26 16:53,Прочее\Vistavka_rus-iaz.pdf
255755,sep 26 16:55,Прочее\Vtoroe_informatcionnoe_pis`mo_Kongress_2025.pdf
2478675,sep 26 13:43,Прочее\accreditation.pdf
1973869,sep 26 18:55,Прочее\aerospace_engg_2025.pdf
3681893,sep 26 18:55,Прочее\allied_health_sciences_2025.pdf
571104,sep 26 19:36,Прочее\anatom_fiziolog.pdf
74690,sep 26 13:44,Прочее\annot_spec.pdf
311824,sep 26 19:12,Прочее\ar_1.pdf
898041,sep 26 19:15,Прочее\arh_komp.pdf
696914,sep 26 19:02,Прочее\ayd%C4%B1nlatma%20metni%20-%20Copy%202.pdf
276819,sep 26 15:21,Прочее\besp_s.pdf
252912,sep 26 15:21,Прочее\bezop_komp.pdf
1436982,sep 26 19:41,Прочее\bio.pdf
1336700,sep 26 15:23,Прочее\bio_him_obr.pdf
1459204,sep 26 19:47,Прочее\bio_ino.pdf
1531454,sep 26 18:55,Прочее\bpharma_2025.pdf
1251076,sep 26 18:55,Прочее\bpt_2025.pdf
888930,sep 26 18:55,Прочее\bsc_msc_nursing_2025.pdf
490887,sep 26 14:27,Прочее\c50dea3311d9c12cf6e941d47f574300.pdf
482298,sep 26 19:15,Прочее\cher.pdf
383651,sep 26 18:07,Прочее\chislen0603.pdf
616410,sep 26 15:38,Прочее\confl25.pdf
381429,sep 26 16:09,Прочее\contests.pdf
890131,sep 26 18:57,Прочее\copy_of_shortlist-of-recommended-courses-2022-2023-21-09-2022.pdf
653987,sep 26 16:09,Прочее\cpgz2j07avd690b8sv0s21rxpuypsq9t.pdf
401292,sep 26 14:26,Прочее\d1e7a0684a9e51c599fb223264e96189.pdf
743305,sep 26 19:41,Прочее\diz_komp.pdf
85292,sep 26 16:56,Прочее\do-market-commentary-global-disclosure.pdf
293788,sep 26 18:54,Прочее\dsu-symposium-2024.pdf
883230,sep 26 14:27,Прочее\e341c346955f24a09fba0a84d37a870a.pdf
5087209,sep 26 18:55,Прочее\ece_2025.pdf
462472,sep 26 16:09,Прочее\edvr4ufwv5zh72zrpiplz60e2rtwethf.pdf
354542,sep 26 15:23,Прочее\eko_geo.pdf
308318,sep 26 15:21,Прочее\eko_mon.pdf
368715,sep 26 15:21,Прочее\eko_str.pdf
394254,sep 26 19:15,Прочее\ekol_prirod.pdf
87978,sep 26 16:56,Прочее\emir-frandt-disclosure.pdf
99791,sep 26 16:56,Прочее\emir-frandt-request-for-proposal.pdf
273125,sep 26 15:21,Прочее\ergo.pdf
102397,sep 26 16:09,Прочее\f1m24swvehna3obtnn9xofw2bff4emsq.pdf
528582,sep 26 20:24,Прочее\f985xk95uk352rnl7d2guv812ndifv14.pdf
528897,sep 26 14:27,Прочее\fb66cb01477a968bfe786611fb0eea9b.pdf
289054,sep 26 15:21,Прочее\fin_teh.pdf
562649,sep 26 19:45,Прочее\fis_podg_ino.pdf
729440,sep 26 19:31,Прочее\fk.pdf
537,sep 26 14:27,Прочее\formo.rtf
153775,sep 26 16:51,Прочее\formulario_inscripcion_dele_2022.pdf
1505146,sep 26 19:01,Прочее\gender_equality_plan.pdf
369001,sep 26 19:39,Прочее\geo.pdf
282136,sep 26 15:21,Прочее\geo_inf.pdf
369691,sep 26 19:47,Прочее\geo_ino.pdf
305228,sep 26 19:39,Прочее\geolog.pdf
312919,sep 26 19:14,Прочее\gidrolog.pdf
563900,sep 26 20:24,Прочее\gk6wsflsno7xkvnynehy33ugy7n098ue.pdf
422415,sep 26 19:42,Прочее\gl_VII_exam_P120-OD_reglament_PK.pdf
421973,sep 26 19:42,Прочее\gl_VI_P120-OD_reglament_PK.pdf
520724,sep 26 19:42,Прочее\gl_V_exam_P120-OD_reglament_PK.pdf
942457,sep 26 17:58,Прочее\google_privacy_policy_en_eu.pdf
446501,sep 26 17:58,Прочее\google_terms_of_service_en_eu.pdf
458718,sep 26 18:33,Прочее\google_terms_of_service_nl_eu.pdf
2816700,sep 26 18:58,Прочее\goslicense.pdf
584511,sep 26 19:33,Прочее\graf.pdf
503723,sep 26 19:39,Прочее\himiya.pdf
504163,sep 26 19:47,Прочее\himiya_ino.pdf
1150291,sep 26 19:37,Прочее\hud_of.pdf
436682,sep 26 19:03,Прочее\ichki_tartib_qoidalar_2024.pdf
287762,sep 26 18:01,Прочее\incidents.json
1360032,sep 26 19:39,Прочее\inf_teh.pdf
628236,sep 26 19:41,Прочее\informatika.pdf
426206,sep 26 20:28,Прочее\ingak_description.pdf
607086,sep 26 14:58,Прочее\instr_PNO.pdf
41092,sep 26 18:25,Прочее\ipa2014%20(1).docx
278145,sep 26 15:21,Прочее\isk_int.pdf
530203,sep 26 19:15,Прочее\ist_arh.pdf
552701,sep 26 19:41,Прочее\ist_isk.pdf
291739,sep 26 19:27,Прочее\ist_soc_rab.pdf
265929,sep 26 15:21,Прочее\it_resh.pdf
497276,sep 26 15:23,Прочее\izo.pdf
89736,sep 26 14:28,Прочее\izveshenie-015.pdf
83916,sep 26 14:28,Прочее\izveshenie_013.pdf
88054,sep 26 14:28,Прочее\izveshenie_014.pdf
396318,sep 26 20:27,Прочее\kol_vo_m.pdf
405002,sep 26 19:42,Прочее\kol_vo_m_ino_dop.pdf
1606586,sep 26 19:39,Прочее\komp_teh.pdf
370318,sep 26 19:48,Прочее\lit_ino.pdf
29257272,sep 26 19:00,Прочее\lodz-university-of-technology-on-the-path-of-sustainable-development_0.pdf
570149,sep 26 19:46,Прочее\m_lit.pdf
288269,sep 26 15:21,Прочее\mash_ob.pdf
340103,sep 26 15:21,Прочее\mat_mod.pdf
757432,sep 26 19:41,Прочее\matematika.pdf
498370,sep 26 19:47,Прочее\matematika_ino.pdf
3704541,sep 26 13:57,Прочее\mc201109.pdf
4660507,sep 26 13:57,Прочее\mc201205.pdf
3835652,sep 26 13:57,Прочее\mc201308.pdf
5142382,sep 26 18:55,Прочее\mechanical_engg_2025.pdf
313577,sep 26 19:14,Прочее\meteorolog.pdf
1062112,sep 26 19:32,Прочее\metod_prof.pdf
761153,sep 26 20:27,Прочее\metod_r.pdf
2531544,sep 26 18:55,Прочее\mpharma_2025.pdf
1536879,sep 26 18:55,Прочее\mpt_2025.pdf
1680401,sep 26 18:55,Прочее\mtech_2025.pdf
617249,sep 26 18:58,Прочее\ni_grant.pdf
267307,sep 26 15:21,Прочее\obrab_inf.pdf
475490,sep 26 19:41,Прочее\obsh.pdf
531011,sep 26 19:21,Прочее\obsh_e.pdf
701917,sep 26 19:40,Прочее\osn_alg.pdf
514541,sep 26 19:32,Прочее\osn_bio.pdf
690810,sep 26 19:40,Прочее\osn_el.pdf
390524,sep 26 19:32,Прочее\osn_geo_obr.pdf
828450,sep 26 19:34,Прочее\osn_hud_d.pdf
498109,sep 26 19:34,Прочее\osn_mat_obr.pdf
196197,sep 26 19:29,Прочее\osn_serv.pdf
671798,sep 26 19:34,Прочее\osn_soc_ped.pdf
434678,sep 26 19:27,Прочее\osn_soc_rab.pdf
600615,sep 26 19:29,Прочее\osn_turism.pdf
106823,sep 26 13:34,Прочее\osob_prava.pdf
246378,sep 26 20:27,Прочее\otbor_k.pdf
536186,sep 26 18:07,Прочее\p805_2021.pdf
189474,sep 26 20:28,Прочее\pamyatka.pdf
426292,sep 26 15:23,Прочее\ped_d.pdf
581043,sep 26 19:33,Прочее\ped_doshk.pdf
760694,sep 26 19:33,Прочее\ped_nach.pdf
983227,sep 26 19:34,Прочее\pedagogika.pdf
216322,sep 26 18:21,Прочее\pfhd_2023_01.pdf
216464,sep 26 18:21,Прочее\pfhd_2023_02.pdf
215469,sep 26 18:21,Прочее\pfhd_2024.pdf
216205,sep 26 18:21,Прочее\pfhd_2024_01.pdf
216322,sep 26 18:21,Прочее\pfhd_2024_02.pdf
215672,sep 26 18:21,Прочее\pfhd_2025.pdf
216162,sep 26 18:21,Прочее\pfhd_2025_01.pdf
216272,sep 26 18:21,Прочее\pfhd_2025_02.pdf
198370,sep 26 19:40,Прочее\ph.pdf
211104,sep 26 19:43,Прочее\ph_ino.pdf
2348790,sep 26 18:55,Прочее\pharm_d_2025.pdf
108414,sep 26 18:33,Прочее\physical%20Culture%20and%20sport.pdf
275214,sep 26 18:42,Прочее\plan-meropriyatij-bgtu-k-80-letiyu-osvobozhdeniya.pdf
336913,sep 26 15:50,Прочее\politika-obrabotki-dannyh-tassru.docx
566092,sep 26 18:42,Прочее\polozhenie-po-okazaniyu-situaczionnoj-pomoshhi-invalidam.pdf
237371,sep 26 18:04,Прочее\polozhenie_econom.pdf
603173,sep 26 16:55,Прочее\polozhenie_o_thesis_2024.pdf
195486,sep 26 20:28,Прочее\poriadok_otbora.pdf
844578,sep 26 18:25,Прочее\poryadok asp 1259.docx
388241,sep 26 13:47,Прочее\posih.pdf
629001,apr 29 07:54,Прочее\pp-bsm.pdf
32768,sep 26 18:03,Прочее\pr.doc
5677731,sep 26 17:52,Прочее\pr10_15092012.pdf
2455870,sep 26 17:53,Прочее\pr5_25102012.pdf
2788873,sep 26 17:53,Прочее\pr6_09022013.pdf
3040701,sep 26 17:53,Прочее\pr7.pdf
2981784,sep 26 17:52,Прочее\pr8_19042013.pdf
433000,sep 26 18:42,Прочее\pravila-vnutrennego-trudovogo-rasporyadka-bgtu.pdf
905628,apr 29 07:54,Прочее\pravila_priema_v_bakalavriat_spetsialitet_bazov_vo_magistraturu_spets_vo_na_2025-26.pdf
100787,sep 26 15:48,Прочее\price-2025.pdf
2207984,sep 26 16:31,Прочее\prikaz_N_1010_1_ot_20.11.2018_.pdf
1394351,sep 26 16:31,Прочее\prikaz_N_1022_ot_21.11.2018_.pdf
2564930,sep 26 16:31,Прочее\prikaz_N_675_ot_30.08.2018_.pdf
293335,sep 26 15:21,Прочее\prikl_mat.pdf
174253,sep 26 18:57,Прочее\procedures-and-policies-for-maintenance.pdf
770454,sep 26 16:33,Прочее\processing__agreement.pdf
395782,sep 26 16:03,Прочее\program.pdf
139261,sep 26 17:52,Прочее\protokol_21.pdf
143239,sep 26 17:52,Прочее\protokol_25.pdf
752930,sep 26 19:31,Прочее\psih_obr.pdf
247043,sep 26 16:30,Прочее\rasp1426-p_20140814.pdf
184930,sep 26 16:30,Прочее\rasp167H_20130426.pdf
523280,sep 26 16:30,Прочее\rasp2190-p_20121126.pdf
241783,sep 26 16:30,Прочее\rasp504_20130930.pdf
590791,sep 26 16:30,Прочее\rasp722-p_20140430.pdf
125912,sep 26 19:42,Прочее\rasp_dop_mag.pdf
388554,sep 26 17:52,Прочее\rasp_prezRF.pdf
2735325,sep 26 16:02,Прочее\report_07112022.pdf
360471,sep 26 16:32,Прочее\requisites.pdf
735008,sep 26 19:41,Прочее\ris.pdf
742433,sep 26 19:43,Прочее\ris_cher.pdf
1099930,sep 26 19:48,Прочее\ris_zhiv.pdf
167029,sep 26 18:03,Прочее\rp23-11-2006-N1616-p.pdf
1767192,apr 29 07:54,Прочее\rules_01_2025.pdf
395975,sep 26 19:48,Прочее\ry_ino.pdf
7551547,sep 26 18:05,Прочее\samoobsled_2024.pdf
64000,sep 26 13:47,Прочее\scientific%20journal.doc
3523790,sep 26 16:20,Прочее\social2023.pdf
4615752,sep 26 16:20,Прочее\social2024.pdf
292997,sep 26 15:29,Прочее\soglasie_leadplan.pdf
1343927,sep 26 19:21,Прочее\spec_him.pdf
679001,sep 26 19:32,Прочее\spec_ped.pdf
13599,sep 26 18:59,Прочее\spisok_shablon.docx
562819,sep 26 19:46,Прочее\sport_podg_ino.pdf
707864,sep 26 19:36,Прочее\sport_sover.pdf
204354,sep 26 18:23,Прочее\sred_zp_adm_2017.pdf
1859823,sep 26 18:04,Прочее\standing order about Scientific research institute  of Physics.pdf
336531,sep 26 19:39,Прочее\stranoved.pdf
94444,sep 26 18:22,Прочее\sved_dohod_2023.pdf
27257,sep 26 18:22,Прочее\sved_o_d_f_g_2014.docx
12652,sep 26 18:22,Прочее\sved_o_d_f_k_2014.docx
15185,sep 26 18:22,Прочее\sved_o_d_f_m_2014.docx
75264,sep 26 18:22,Прочее\sved_o_d_f_n_2014.doc
13072,sep 26 18:23,Прочее\sved_o_d_f_u_2014.docx
46080,sep 26 18:22,Прочее\sved_o_d_f_v_2014.doc
17248,sep 26 18:22,Прочее\sved_o_d_r_2012-2014.docx
208869,sep 26 17:37,Прочее\teacher_instruction_new.pdf
294151,sep 26 15:21,Прочее\tehn_int.pdf
479552,sep 26 15:21,Прочее\tehn_int_d.pdf
868452,sep 26 15:23,Прочее\teor_osn.pdf
101376,sep 26 19:54,Прочее\u_konsor.doc
80443,sep 26 16:09,Прочее\ujj532ypug9ufeambtzkzh6kfdqoa6yp.pdf
142286,sep 26 16:30,Прочее\ukaz597_20120507.pdf
279288,sep 26 15:21,Прочее\umn_gor.pdf
330875,sep 26 15:22,Прочее\upr_izm.pdf
266078,sep 26 15:22,Прочее\upr_kiber.pdf
347730,sep 26 15:22,Прочее\upr_pr.pdf
245024,sep 26 15:21,Прочее\upr_proc.pdf
253752,sep 26 17:37,Прочее\user_registration_in_EBS_Lan.docx
41472,sep 26 14:21,Прочее\v-profsoyuz-rabotnika-yufu2024.doc
17590,sep 26 20:26,Прочее\vesna_fizfak.docx
761430,sep 26 19:31,Прочее\vozr_psih.pdf
109603,sep 26 13:34,Прочее\vsp_isp_ogran_zdorov.pdf
275201,sep 26 15:21,Прочее\web_pril.pdf
239853,sep 26 15:21,Прочее\web_razr.pdf
190356506,sep 26 17:36,Прочее\wpm5skhpgcr5ncwf6dwz92dutt9ucc13.pdf
464532,sep 26 19:01,Прочее\yetkinlik-ve-performans.pdf
20911,sep 26 16:56,Прочее\zayavlenie_kursi_2019.docx
10790,sep 26 18:59,Прочее\zayv_shablon.docx
717353,sep 26 19:41,Прочее\zhiv.pdf
959996,sep 26 19:45,Прочее\zhiv_cher.pdf
61626,sep 26 13:34,Прочее\Анкета.docx
74895,sep 26 19:11,Прочее\Выписка из реестра ГА 06.05.01 06.05.02.pdf
329813,sep 26 16:14,Прочее\ВыпискаТемы-ВКР-ИНоЗ_2025-выпуска.pdf
25601,sep 26 13:34,Прочее\Договор.docx
13934,sep 26 13:34,Прочее\Заявление.docx
52127,sep 26 18:25,Прочее\Индивидуальный план работы аспиранта для набора 2022 г. (5).docx
2122240,sep 26 14:19,Прочее\Инструкция по работе с информационными ресурсами.doc
296958,sep 26 18:07,Прочее\Информация о результатах приема 2024.pdf
1026771,sep 26 18:25,Прочее\Координаты для связи с профильными структурными подразделениями_3.pdf
207214,sep 26 16:15,Прочее\Лицей ЮФУ_ВД_расписание_2024-2025.pdf
399991,sep 26 16:15,Прочее\Лицей ЮФУ_ПОЛОЖЕНИЕ о ВД.pdf
824845,sep 26 18:25,Прочее\П114-ОД.pdf
982741,sep 26 18:17,Прочее\П1149_21.05.2025.pdf
546705,sep 26 20:20,Прочее\П122-ОД_изменения в ОС_28.04.2023.pdf
495386,sep 26 18:18,Прочее\П1352 О стоимости в 2022_23гг 2х и последующих курсов.pdf
221952,sep 26 16:10,Прочее\П1438.pdf
591202,sep 26 20:20,Прочее\П156-ОД.pdf
737960,sep 26 16:10,Прочее\П1888-2.pdf
450416,sep 26 18:25,Прочее\П216-ОД.pdf
530627,sep 26 16:10,Прочее\П2274 АБИМ.pdf
395762,sep 26 18:25,Прочее\П245-ОД Регламент проведения выборов заведующего кафедрой.pdf
1676119,sep 26 18:25,Прочее\П247.pdf
388241,sep 26 18:04,Прочее\П47-ОД_10.03.2023.pdf
260041,sep 26 18:04,Прочее\П47-ОД_МИМДО_03.03.2022.pdf
331544,sep 26 20:19,Прочее\П70-ОД_37.03.01 Психология.pdf
409537,sep 26 20:19,Прочее\П71-ОД_37.04.01 Психология.pdf
428702,sep 26 20:19,Прочее\П72-ОД_37.05.01_Клиническая психология.pdf
379487,sep 26 20:19,Прочее\П73-ОД_37.05.02_Психология служ деят.pdf
977082,apr 29 07:54,Прочее\ПП_2025_19.01.2025_итог.pdf
321726,sep 26 12:34,Прочее\ПРАВИЛА%20ПОСЕЩЕНИЯ%20ООПТ%20ФЕДЕРАЛЬНОГО%20ЗНАЧЕНИЯ%20(2).pdf
15971,sep 26 13:34,Прочее\Перечень документов.docx
55742,sep 26 20:13,Прочее\План создания МИП.pdf
17264,sep 26 13:34,Прочее\Порядок проведения.docx
418601,sep 26 20:28,Прочее\Приказ 391.pdf
120352,sep 26 19:56,"Прочее\Приказ ФСТЭК России от 03_05.2023 N 74  Об утверждении требований оформлению заявления о предоставлении лицензии, разрешения.docx"
61079,sep 26 19:56,Прочее\Приказ ФСТЭК России от 30.10.2018 N 193.docx
638921,sep 26 20:19,Прочее\Приказ ЮФУ от 04.06.2021 N 115-ОД.pdf
274597,sep 26 20:20,Прочее\Приказ ЮФУ от 07.02.2022  N 24-ОД.pdf
94986,sep 26 17:52,Прочее\Программа VIII  научного семинара Лаборатории экспериментальной лингвистики АГУ  Клиническая лингвистика.docx
919294,sep 26 13:34,Прочее\Р688.pdf
25329086,sep 26 18:58,Прочее\РУКОВОДСТВО_ПО_БРЕНДИНГУ_2025.pdf
490307,sep 26 12:34,Прочее\Ранжированные списки (по итогам апелляций).pdf
3289536,sep 26 18:25,Прочее\Регламент 10-ОД.pdf
63027970,sep 26 17:54,Прочее\Реестр экскурсоводов 2024_ 02.12.2024.pdf
109170,sep 26 19:11,Прочее\Реестровая выписка ГА 25.02.25_СПО.pdf
138316,sep 26 19:11,Прочее\Реестровая выписка л_22.08.25.pdf
77836,sep 26 19:11,Прочее\Реестровая выписка_29.05.29025.pdf
15019,sep 26 13:34,Прочее\Согласие законного представителя.docx
14572,sep 26 13:34,Прочее\Согласие участника конкурса.docx
75227,sep 26 16:28,Прочее\Согласие_ПДн_(map.ncpti.ru).rtf
49152,sep 26 18:20,Прочее\доп. об изменении цены_2ред.doc
320040,sep 26 12:34,Прочее\коммерческое%20предложение.pdf
1907115,sep 26 19:55,Прочее\патентов и ПЭВМ - ЮФУ.pdf
356159,sep 26 12:34,Прочее\режим%20работы%20и%20прейскурант-.pdf
159930,sep 26 18:39,Прочее\сайт_Наука_Микросистемная техника и интегральная сенсорика.pdf
1097449,sep 26 18:49,Прочее\السيرة الذاتية د. صبحي شرف عميد الكلية 13-3 - Copy.pdf
